,Tags
0,abstract
1,access
2,add
3,android
4,angular
5,api
6,app
7,applicable
8,argument
9,array
10,arrow
11,asp
12,assign
13,async
14,attribute
15,await
16,awk
17,background
18,bar
19,bash
20,boot
21,bootstrap
22,branch
23,browser
24,build
25,button
26,c
27,c#
28,c++
29,character
30,chrome
31,class
32,cli
33,click
34,cloud
35,code
36,collect
37,color
38,command
39,commit
40,compile
41,complex
42,component
43,compose
44,comprehension
45,conditon
46,configure
47,connect
48,console
49,constructor
50,contain
51,cookie
52,copied
53,core
54,css
55,csv
56,current
57,custom
58,database
59,dataframe
60,date
61,debug
62,define
63,delete
64,deploy
65,detect
66,dictionari
67,directori
68,disable
69,django
70,docker
71,download
72,eloquent
73,engine
74,environ
75,equal
76,error
77,es6
78,event
79,execute
80,exist
81,express
82,extension
83,facebook
84,fail
85,faster
86,file
87,filter
88,final
89,firebase
90,fix
91,float
92,flutter
93,font
94,format
95,framework
96,function
97,general
98,git
99,github
100,go
101,google
102,gradle
103,grid
104,group
105,header
106,hint
107,host
108,html
109,http
110,image
111,import
112,index
113,initial
114,input
115,inside
116,install
117,int
118,interface
119,io
120,ipython
121,iter
122,java
123,javascript
124,jenkins
125,jest
126,json
127,jupyter
128,kera
129,key
130,keyword
131,kotlin
132,kubernetes
133,lambda
134,laravel
135,latest
136,librari
137,linux
138,list
139,load
140,local
141,log
142,loop
143,map
144,material
145,memori
146,method
147,modal
148,model
149,module
150,move
151,native
152,need
153,net
154,node
155,notebook
156,notify
157,npm
158,null
159,numpi
160,object
161,open
162,operand
163,option
164,package
165,panda
166,parameter
167,parse
168,pass
169,php
170,pip
171,pointer
172,post
173,print
174,private
175,process
176,program
177,promise
178,properti
179,protocol
180,python
181,queri
182,r
183,random
184,range
185,react
186,read
187,recyclerview
188,redux
189,refer
190,render
191,repositori
192,request
193,response
194,rest
195,route
196,router
197,row
198,safe
199,screen
200,script
201,scroll
202,sdk
203,select
204,send
205,server
206,service
207,set
208,shell
209,simulate
210,single
211,socket
212,source
213,spark
214,specifc
215,split
216,spring
217,sql
218,ssh
219,standard
220,start
221,state
222,static
223,std
224,store
225,stream
226,string
227,studio
228,style
229,support
230,swift
231,tab
232,table
233,template
234,tensorflow
235,terminal
236,ternari
237,test
238,thread
239,time
240,token
241,tuple
242,type
243,typescript
244,ubuntu
245,ui
246,unit
247,update
248,upgrade
249,upload
250,url
251,valid
252,vector
253,version
254,visual
255,vue
256,web
257,widget
258,window
259,xcode
260,zone
