word,tot_count
a2dp,1
aa,1
aapt,3
aaptexcept,1
aar,3
ab,6
aba,1
abbrevi,1
abc,2
abi,4
abil,1
abl,15
abort,3
absolut,15
abstract,25
abstractroutingdatasourc,1
abus,1
ac,1
academ,1
accdb,1
accecpt,1
acceler,5
acceleromet,3
accent,4
accept,34
access,284
accessibilityidentifi,2
accessibilityservic,3
accessor,4
accessori,1
accident,1
accompani,1
accomplish,3
accord,18
account,25
accumul,3
accumulo,1
accur,9
accuraci,7
acf,3
ach,1
achiev,19
ack,1
acknowledg,1
acloc,1
acorr,1
acquir,3
across,33
act,6
action,80
actionbar,6
actionbaract,4
actionbarcompat,1
actionbartoggl,1
actionc,3
actiondon,1
actionlayout,1
actionlisten,2
actionmenuview,1
actionsheet,1
activ,124
activatedrout,3
activeclassnam,1
activeform,2
activejob,1
activerecord,8
activesheet,1
activestorag,2
activex,1
activityind,3
activitytestrul,1
actix,1
actor,4
actual,60
acycl,2
ad,71
adaboostclassifi,1
adam,2
adapt,24
adb,17
add,478
addal,1
addeventlisten,2
addheaderview,1
addit,18
additionalprobingpath,1
addjavascriptinterfac,1
addjsonfil,1
addjsonopt,1
addlisten,1
addon,1
addrang,1
address,88
addtextchangelisten,1
addtorol,1
adf,1
adher,1
adhoc,1
adjust,13
adjustpan,1
adl,1
admin,20
administr,3
admiss,1
admob,7
admonit,1
ado,1
adomdcli,1
adorn,1
adress,2
adsens,5
adt,3
advanc,7
advantag,24
advertis,3
advic,1
advis,1
adword,1
ae,5
aem,1
aerospik,2
affect,22
afoauth2manag,1
afterpropertiesset,1
afterrend,1
afterscreenupd,1
afterward,1
ag,2
age,1
agenda,1
agent,16
agg,2
aggreg,24
agm,1
agnost,1
ago,1
agre,1
agrep,1
ahk,1
ai,4
aidl,1
aiff,1
aio,1
air,2
airbnb,2
airflow,9
airpod,1
aix,1
ajax,49
ak,1
aka,2
akka,5
al,2
alamofir,10
alarm,5
alasset,1
album,4
alcatraz,1
alchemi,1
alemb,5
alert,13
alertdialog,6
alertview,1
alexa,1
algebra,6
algorithm,58
alia,20
alias,10
align,53
alignof,1
aliv,2
allargsconstructor,1
allauth,1
allevi,1
alljoyn,1
allmatch,1
alloc,44
allow,126
allowsfractionalunit,1
almost,2
alon,2
along,15
alongsid,2
alpha,4
alphabet,5
alphanumer,3
alpin,8
alreadi,47
also,24
alt,4
alter,4
altern,70
although,1
alway,76
amazon,47
ambigu,9
amd,2
amd64,1
amend,1
america,1
american,1
ami,1
among,9
amort,1
amount,11
amp,1
ampersand,5
amplifi,1
anaconda,36
anaconda3,1
analog,2
analogu,2
analys,1
analysi,7
analysisservic,1
analyt,24
analyz,5
anchor,8
anchornod,1
ancm,1
android,857
androidinject,1
androidjunit4,3
androidmanifest,2
androidtest,1
androidx,6
angl,9
angular,402
angular2,80
angular4,3
angularfir,1
angularfire2,1
angularj,95
anim,97
animatewithdur,1
anki,1
annot,57
annotatedel,1
anon,1
anonym,13
anonymousus,1
anoth,168
anova,2
ansi,1
ansibl,53
answer,6
ant,2
anti,5
antiforgerytoken,2
antipattern,6
antlr4,2
anybodi,1
anyclass,1
anydpi,1
anymor,9
anyobject,3
anyon,17
anyth,9
anyway,8
anywher,4
aosp,5
aot,1
aov,1
ap,1
ap86oam3dut3pxce3x49rdtma,1
apach,54
apache2,2
apachebench,1
apart,1
apdu,2
apex,1
api,350
api23,1
apiexcept,1
apigateway,1
apikey,1
apiview,1
apk,34
apn,5
apollo,2
app,647
appar,2
appbar,10
appbarlayout,1
appcompactact,1
appcompat,13
appcompatact,3
appdeleg,4
appdomain,2
appear,27
append,31
appendchild,1
appengin,1
appgalleri,1
appicon,1
appinvit,1
appium,6
appl,29
applescript,3
applet,2
appli,74
applic,271
applicationcontextawar,1
applicationdata,1
applicationdidbecomeact,1
applicationid,2
applicationscop,1
applicationus,1
applicationwilltermin,1
apply2fil,1
appnam,1
approach,21
appropri,13
approv,1
approxim,4
apprroach,1
appset,12
appstor,1
appx,1
april,1
aprovid,1
apt,6
aptana,1
arab,1
arang,1
arbitrari,17
arc,1
arc4random,1
arch,1
archetyp,2
architectur,33
archiv,7
arctang,1
area,14
arff,1
arg,14
argc,2
argmax,1
argmin,1
argpars,3
arguement,1
argument,102
argumentoutofrangeexcept,1
argv,4
aria,3
arithmet,11
ariti,1
arkit,10
arm,16
arm64,2
armeabi,1
armv8,1
around,22
arr,10
arrang,3
array,525
arrayadapt,1
arraybuff,2
arraydequ,1
arrayfield,1
arrayindexoutofboundsexcept,1
arraylist,25
arrayslic,1
arriv,2
arrow,47
art,6
articl,3
artifact,14
artifactori,1
artisan,11
artwork,1
asar,1
ascend,2
ascent,1
ascii,8
asciidoc,1
asdf,1
asid,3
ask,19
askpass,1
aslist,1
aslr,1
asm,4
asp,173
asparallel,1
aspect,11
aspnet,3
aspnetcor,1
aspnetroleclaim,1
aspnetus,1
aspnetuserclaim,1
aspnetuserrol,1
aspxauth,1
assembl,33
assemblybind,1
assemblyresolv,1
assert,25
assertdictcontainssubset,1
assertequ,2
assertionerror,3
assertj,1
assertsam,1
assertthat,1
asset,19
assign,99
assigne,1
assist,3
assoc,1
associ,14
assum,7
assur,2
ast,5
asterisk,5
astyp,2
async,129
asyncdelet,1
asynchron,43
asynchronoun,1
asynchttpcli,1
asyncio,17
asyncstorag,2
asynctask,6
asynctaskload,1
at,4
at&t,1
atan,1
atan2,1
athena,1
atindex,1
atindexpath,1
atla,1
atlassian,3
atob,1
atoi,1
atom,56
attach,17
attack,8
attempt,1
attent,3
attr,3
attribut,107
attributeerror,3
attributegraph,1
auc,2
aud,1
audienc,1
audio,29
audioplayernod,1
audiosystem,1
audit,2
auditor,1
augment,2
aurelia,6
auth,20
authent,88
authenticaiton,1
authentif,1
authguard,1
authmethod,1
author,27
authorizationstatu,1
authorizeattribut,1
authprovid,1
auto,105
auto&,1
autobind,1
autobox,3
autocad,1
autoclos,1
autocommit,1
autocomplet,8
autocompletepredict,1
autocompletetextview,1
autoconfigur,2
autocorrect,1
autocorrel,1
autoencod,2
autofac,3
autofil,4
autofocus,1
autoformat,1
autogener,3
autohotkey,1
autolayout,10
autoload,4
autom,10
automapp,6
automat,99
automatc,1
automaton,1
automodul,1
autonom,1
autoprefix,1
autoreleasepool,1
autosar,1
autoscal,1
autoslid,1
autostart,2
autowir,11
avail,55
avaudioengin,1
avcapturephoto,1
avcapturesess,1
avd,9
averag,11
avfound,2
avl,1
avmutablecomposit,1
avoid,98
avplay,9
avplayerviewcontrol,1
avqueueplay,1
avro,7
avsamplebufferdisplaylay,1
avx,7
avx2,2
avx512,1
aw,133
await,83
awar,4
away,10
awesom,16
awk,5
ax,1
axi,27
axio,23
axiom,1
axspeechassetdownload,1
azur,72
b+,1
babel,23
babun,1
back,82
backbonej,1
backdrop,2
backend,13
background,142
backgroundtint,1
backgroundtintmod,1
backpress,1
backslash,3
backtick,2
backtrac,2
backtrack,3
backup,10
backward,6
bacpac,1
bad,47
baddevicetoken,1
badg,6
badli,1
bahdanau,1
baidu,1
balanc,20
ballerina,1
ban,1
banana,1
bandwidth,2
bang,1
banner,4
bar,130
barbuttonitem,1
barchart,2
barcod,7
bare,3
barebon,1
barh,1
barplot,4
barrel,1
barrier,5
base,143
base64,19
base64str,1
baseaddress,1
baseeventloop,1
baselin,3
basemap,1
basenod,1
baseobserv,1
basepackag,1
basepackageclass,1
baseurl,2
bash,77
bashrc,1
basi,3
basic,26
basicconfig,1
basiclstmcel,1
bat,3
batch,43
batchfil,1
batchgetitem,1
batchnorm,1
batteri,3
bay,1
bcrypt,1
bcryptpasswordencod,1
bdd,1
bdist,1
beaglebon,1
beam,1
bean,20
beanpostprocessor,1
beanstalk,15
bearer,7
beat,2
beauti,3
beautifi,1
beautifulsoup,6
becom,12
beehiv,1
beep,1
beforeclass,1
beforeunload,1
begin,13
begininvokeonmainthread,1
beginn,3
behav,17
behavior,58
behaviorrelay,1
behaviorsubject,3
behaviour,21
behind,28
bell,1
belong,3
belongsto,1
bem,2
benchmark,5
benefit,22
bert,2
besid,5
bet,1
beta,16
beta6,1
better,54
beyond,3
bezier,1
bf,2
bg,2
bhim,1
bia,3
bias,2
biconnect,1
bidirect,7
big,35
bigdata,1
bigdecim,5
bigger,4
biggest,1
bigint,1
biginteg,2
bigqueri,8
bigtabl,1
bill,4
billion,2
bin,17
binari,50
binaryoper,1
bind,95
bindabl,1
bindactioncr,1
bindaddress,1
binderproxi,1
bindexcept,1
bindingresult,1
bindshar,1
bing,1
binomi,1
binstub,1
bio,1
biometr,1
bipartit,2
birth,1
birthday,1
bit,102
bitblt,1
bitboard,1
bitbucket,16
bitcod,6
bitcoin,2
bitmap,9
bitmask,1
bitnami,1
biton,1
bitset,1
bitvector,1
bitwis,7
bla,2
black,10
blackbox,2
blacklist,1
blade,10
blame,1
blank,9
blaze,2
blazor,8
ble,6
blend,3
blender,2
blind,2
blink,3
bloat,3
blob,14
bloc,2
block,115
blockchain,1
blockingcollect,1
blog,5
blogdown,1
blogger,1
blue,5
bluebird,3
blueimp,2
blueprint,3
bluetooth,7
bluetoothleadvertis,1
blur,13
bn,1
board,3
bodi,53
bodypars,2
boilerpl,2
bokeh,8
bold,3
bolt,2
bonecp,1
book,2
bookmark,2
bool,14
boolean,19
boost,13
boot,143
boot2dock,3
bootanim,1
bootload,1
bootstrap,157
bootswatch,1
border,33
bordercolor,1
borderradiu,1
borrow,2
bot,22
bother,2
boto,2
boto3,13
botocor,1
bottleneck,2
bottom,59
bottomnavigationbar,3
bottomnavigationview,6
bottomsheet,5
bottomsheetbehavior,1
bottomsheetdialog,2
bottomsheetdialogfrag,1
bought,1
bounc,1
bouncycastl,1
bound,27
boundari,6
boundingrectwiths,1
bower,15
box,46
boxdecor,1
boxen,1
boxplot,4
boxpoint,1
bq,2
br,2
brace,19
bracket,21
branch,99
branchless,1
brave,3
breach,1
breadcrumb,2
breadth,5
break,50
breakdown,1
breaker,1
breakout,1
breakpoint,13
brew,13
bridg,7
brigad,1
bright,3
brighter,1
bring,5
brk,1
broad,1
broadcast,9
broadcastreceiv,3
broadwel,1
brodal,1
broken,16
brokenpipeerror,1
broker,5
brown,1
browser,142
browserhistori,1
browserifi,2
browsermob,1
browserrout,1
browsersync,1
brush,1
brute,2
bs4,1
bson,1
bsondocu,1
bst,3
bswap,1
btn,2
btoa,1
bu,3
bubbl,10
bucket,23
buf,1
buffer,29
bufferedread,2
bug,45
bugfix,1
buggi,1
build,216
buildconfig,2
buildconfigfield,1
builder,20
buildpack,1
buildship,2
buildtask,1
buildtool,1
buildtyp,1
built,38
builtin,6
bulk,7
bullet,5
bump,1
bunch,2
bundl,32
bundleconfig,1
bundler,4
bundletool,1
burn,1
burst,1
busi,5
bust,2
buster,1
busybox,1
butterknif,2
button,196
buttonbarlayout,1
buttonstyl,1
buttton,1
bypass,5
byte,63
bytecod,4
bytedata,1
bytelandian,1
bytesio,1
bytestr,1
bytestream,1
c,244
c#,134
c#7,3
c+,1
c++,325
c++03,2
c++11,50
c++14,13
c++17,29
c++1z,2
c++20,12
ca,11
cabal,4
cach,116
caff,2
caffein,1
cake,1
cal,1
calabash,2
calay,2
calc,3
calcul,73
calculu,4
calendar,13
calibr,1
callabl,4
callback,38
callbackmanag,1
calle,1
caller,1
callkit,1
calloc,1
callout,1
callstack,1
came,2
camel,2
camelcas,6
camera,30
camera2,2
cameraoverlay,1
camerax,2
camp,1
campaign,2
canactiv,1
canaddoutput,1
cancel,17
cancelal,1
cancellationtoken,3
candid,1
candlestick,1
candrawoverlay,1
canload,1
canni,1
cannot,72
canon,1
canoverrideexistingmodul,1
canva,16
cap,3
capabl,4
capac,6
capistrano,1
capit,9
capitan,4
capsul,1
captcha,3
caption,3
captur,39
captureact,1
capturestackbacktrac,1
capybara,1
car,3
carbon,3
card,25
cardin,1
cardview,9
care,2
caret,3
cargo,3
carousel,12
carplay,3
carri,2
carrierwav,1
carrousel,1
cart,3
cartesian,3
cartfil,2
carthag,3
cartopi,1
cascad,2
case,73
cashapelay,2
cask,1
casperj,3
cassandra,8
cassert,1
cast,43
cat,4
catalina,6
catalog,2
catamorph,1
catch,47
categor,12
categori,9
caught,1
caus,70
caveat,1
cbv,2
cc,2
ccyymmdd,1
cd,3
cdef,1
cdi,1
cdk,1
cdn,12
ce,2
ceedl,1
cef,1
cefsharp,1
ceil,3
celeri,8
cell,63
cellar,1
cellular,1
center,60
centercrop,1
cento,13
centos7,1
central,4
centralis,1
cert,9
certain,53
certbot,2
certfil,1
certif,58
cfarray,1
cfbundleshortversionstr,1
cfbundlevers,1
cfg80211,1
cfretain,1
cg,1
cgcolor,1
cgimagealphainfo,1
cgmutablepath,1
cgpathappli,1
cgrect,2
cgwindow,1
ch,1
chage,1
chai,1
chain,36
chainmap,1
changedetectionstrategi,1
changeset,1
channel,27
channelfactori,1
chapter,2
char,49
char8,1
charac,1
charact,109
characterencodingfilt,1
characterist,2
charg,3
charl,4
charmap,1
charsequ,1
charset,5
chart,44
chartj,6
chartr,1
charvalu,1
chat,10
chatroom,1
cheapest,1
cheat,1
checkabl,1
checkbox,29
checker,1
checkin,1
checkmark,2
checkout,15
checkpoint,4
checkselfpermiss,1
checksum,3
checktgtandreloginfromkeytab,1
cherri,3
chess,1
chevron,1
child,79
childad,1
childeventlisten,1
children,1
china,1
chines,5
chip,4
chipgroup,1
chocolatey,3
choic,8
choos,22
chooser,2
chose,1
chosen,8
chown,2
chrome,142
chromecast,1
chromedriv,13
chromeo,1
chromeopt,2
chromium,3
chromiumwebbrows,1
chrono,4
chronolog,1
chronounit,1
chunk,10
chunksiz,1
church,1
ci,26
cider,3
cidr,2
cifar,1
cin,2
circl,26
circuit,7
circular,25
circularli,1
circularprogressind,1
circumst,1
circumv,1
citat,1
cite,2
citi,7
ciw,1
cj,1
ckeditor,5
claim,11
claimsident,1
clang,29
clang++,1
clarif,2
clash,1
class,471
classcastexcept,2
classic,7
classif,10
classifi,2
classload,2
classmap,1
classmethod,1
classnam,4
classnotfoundexcept,3
classnotreg,1
classpath,10
claus,14
clean,26
cleaner,4
cleanest,5
cleanli,5
cleanup,3
clear,70
cleartext,2
cleartimeout,1
clflush,1
cli,64
click,98
clickabl,11
clickonc,1
client,81
clientdetailsserviceconfigur,1
clientheight,1
clientid,1
clion,3
clip,5
clipboard,16
clipboardev,1
cliptopad,1
clisp,1
cllocationmanag,2
cloak,2
clock,11
clojur,11
clone,29
cloneabl,1
close,65
closeablehttpcli,1
closedbyinterruptexcept,1
closedchannelexcept,1
closer,1
closest,6
closur,18
cloud,85
cloud9,1
cloudflar,5
cloudform,8
cloudfront,7
cloudkit,6
cloudwatch,7
clr,1
cluster,40
clusterip,2
clusterissu,1
clustermap,2
clutter,2
cm,2
cmake,35
cmake3,1
cmakelist,3
cmath,1
cmd,15
cmder,2
cmp,1
cmpxchg,1
cmutablepoint,1
cncontact,1
cnf,1
cngkey,1
cnmutablecontact,1
cnn,2
co,6
coalesc,3
coars,1
cocoa,7
cocoapod,13
codabl,4
code,623
codebas,3
codebehind,1
codec,3
codedeploy,1
codegen,2
codeignit,6
codelen,1
codepen,1
codepoint,3
coderbyt,1
codesign,2
codil,1
coeffici,5
coerc,1
coercion,1
coexist,2
coffe,1
coffeescript,1
cofre,1
cognito,11
coher,2
coin,3
col,2
colab,17
colaboratori,7
cold,3
colemak,1
collabor,2
collaps,21
collapsingtoolbar,1
collapsingtoolbarlayout,5
collatz,2
collect,88
collect2,1
collectionview,2
collector,11
collectstat,1
collis,2
colnam,1
colon,9
color,203
colorbar,1
colormap,3
coloro,1
colour,14
colourblind,1
colspan,1
com,18
combin,62
combinelatest,2
come,13
comeback,1
comm,1
comma,28
command,242
commandlin,4
commandnam,1
comment,40
commerc,1
commerci,1
commit,97
commitnow,1
committe,1
common,23
commonj,2
commun,22
comonad,2
comonoid,1
comp1,1
comp2,1
comp3,1
compact,4
compani,1
companion,4
compar,85
comparefunct,1
comparison,32
compass,2
compat,27
compel,1
competit,1
compil,267
compiledscript,1
compilerresult,1
compilesdkvers,2
complain,8
complement,3
complementari,1
complet,65
completablefutur,10
completeablefutur,1
completionhandl,1
completionstag,1
completli,1
complex,41
compli,1
complianc,4
compliant,4
complic,4
compon,293
componentdidmount,8
componentdidupd,1
componentfixtur,1
componentscan,2
componentwillmount,6
componentwillreceiveprop,1
componentwillunmount,2
compos,78
composit,12
compound,4
comprehens,14
compress,10
compressionqu,1
compromis,1
comput,59
computeifabs,1
con,7
concat,5
concaten,33
concatmap,1
concentr,1
concept,7
conceptu,1
concern,1
concis,3
concret,3
concurr,28
concurrencystamp,1
concurrentdictionari,1
concurrenthashmap,2
concurrentmap,1
cond,1
conda,33
condit,101
conditionalonmissingbean,1
conditon,1
cone,1
conemu,1
conf,12
confer,1
confid,2
config,56
configmap,3
configproto,1
configur,131
configurationmanag,1
configurationproperti,1
configureawait,3
configureservic,1
confirm,12
conflict,18
confluent,1
conform,10
confus,3
confuserex,1
conjectur,1
conjunct,1
connect,178
connector,1
conquer,1
consecut,4
consensu,1
consequ,2
consid,32
consider,2
consist,13
consol,113
consolid,1
const,80
const&,3
constant,51
constantli,3
constexpr,31
constitut,1
constrain,2
constraint,34
constraintequaltoanchor,1
constraintlayout,9
construct,38
constructor,99
consttim,1
consum,24
consumpt,3
contact,14
contain,318
contemporari,1
content,127
contentchild,1
contentedit,3
contentprovid,1
contest,1
context,60
contextmanag,1
contextmenu,1
contigu,9
contiguousarray,1
conting,1
continu,32
continuewith,1
contour,7
contourf,1
contract,4
contradictori,1
contrast,1
contravari,1
contrib,3
contribut,1
controlleradvic,1
controllercontext,1
controlmast,1
controlvalueaccessor,1
conv1dtranspos,1
conv2d,2
conveni,4
convent,13
convergencewarn,1
convers,29
convertfrom,1
convertpoint,1
converttimefromutc,1
convex,1
convient,1
convinc,1
convolut,7
cookbook,1
cooki,35
cooper,1
coordin,19
coordinatorlayout,4
copi,136
copyabl,4
copyconstruct,1
copymemori,1
copymerg,1
copyright,1
copyto,1
cor,23
corb,1
cordova,34
core,233
coredata,4
coreo,2
coresimul,1
corespotlight,1
corner,23
cornerradiu,4
cornerston,1
corona,1
coroutin,16
coroutine2,1
corpor,1
corpu,2
correct,83
correctli,53
correl,9
correspond,8
corrplot,1
corrupt,3
cortex,1
cosin,1
cosmo,1
cost,16
coturn,1
could,55
count,64
countdown,4
countdowntim,1
counter,8
counterpart,1
counti,2
countof,1
countri,4
countvector,2
coupl,1
coupon,1
cout,6
covari,2
cover,10
coverag,14
coveral,1
cowplot,1
coyot,1
cp,4
cp27,1
cp35,1
cp932,1
cpanel,2
cplusplu,3
cpp,7
cppcon,1
cppcoreguidelin,1
cpu,32
cpupool,1
cpython,2
cql,1
cqlsh,1
cqr,1
cr,2
cran,1
crash,35
crashloopbackoff,1
crashlyt,5
crashlyticsmissingdependencyexcept,1
crate,1
crawl,2
crawlspid,1
crc,2
createbrowserhistori,1
createchoos,1
createdd,1
createfactori,1
createidentityasync,1
createport,1
createref,1
createstacknavig,1
createstor,1
creation,8
creator,4
credenti,23
credit,3
crisi,1
criterion,4
critic,3
crockford,2
cron,13
cronjob,3
crontab,1
crop,12
cross,25
crosscompil,1
crossdissolv,1
crossdomain,1
crossentropi,4
crosshairtool,1
crossinlin,1
crossorigin,1
crosstab,1
crosswalk,2
crt,2
crtp,3
crud,4
crudrepositori,3
crunch,1
crush,1
crypto,1
cryptograph,4
cryptographi,1
cryptoj,1
csc,3
csharp,1
cshtml,2
csp,2
csprng,2
csproj,4
csrf,7
css,211
css3,5
cssom,1
csv,62
csx,1
ct,1
ctag,1
ctcallcent,1
cte,1
ctor,1
ctp,1
ctree,1
ctrl,7
ctrl+shift+z,1
cube,5
cubic,1
cucumb,2
cuda,15
cudamalloc,1
cudamallocmanag,1
cudnn,3
cudnnlstm,1
cultur,1
cumsum,1
cumul,1
cupertino,1
cupertinodatepick,1
curious,1
curl,18
curli,12
currenc,6
current,146
currentthread,2
curri,8
curs,1
cursor,21
curv,10
custom,236
customeobject,1
customis,5
cut,8
cutout,1
cv,12
cv2,7
cvxopt,1
cw,1
cwt,1
cx,1
cxx,1
cycl,16
cyclic,1
cyclon,1
cyg,1
cygwin,9
cypher,5
cypress,5
cython,6
d,60
d3j,2
da,1
dae,2
daemon,20
dag,1
dagger,7
daili,1
dalvik,1
damag,1
danc,1
danger,12
dangl,2
dao,3
dapper,4
dark,22
darkactionbar,1
darken,2
darn,1
darodar,1
dart,35
darwin,1
dash,8
dashboard,6
dask,3
dat,1
datababs,1
databas,138
databind,10
datacent,1
datachannel,1
dataclass,1
dataflow,2
datafram,197
dataframegroupbi,1
dataframewrit,1
datagram,1
datagrip,1
datalist,3
dataload,1
dataproc,1
dataset,31
datasnapshot,1
datasourc,7
datastor,2
datat,9
datatask,1
datatyp,5
datatypeproperti,1
dataurl,1
date,163
dateformatt,1
datepick,8
datepickerdialog,1
datepickerview,1
datepip,1
daterangefield,1
datetim,28
datetimeformatterbuild,1
datetimeindex,1
datetimeoffset,1
datetimepick,1
datom,1
datum,1
dax,1
day,20
daylight,1
db,23
dbcontext,7
dbcontextopt,1
dbcontextoptionsbuild,1
dbd,1
dbeaver,3
dbm,1
dbparametercollect,1
dbtabl,1
dbu,1
dcast,1
dcu,1
dd,9
ddd,6
ddo,4
de,3
deactiv,3
dead,4
deadlock,8
deal,36
dealloc,2
deap,1
debian,7
debounc,10
debug,135
debugel,1
debugg,19
debugtyp,4
decay,4
decent,1
decid,9
decim,24
deciph,1
decis,2
deck,1
declar,122
declin,1
decltyp,7
declval,2
decod,27
decodeobject,1
decompil,2
decomposit,1
decompress,2
decor,15
decorview,1
decoupl,1
decreas,6
decrement,1
decrypt,13
dedic,1
deduc,5
deduct,3
deep,20
deepcopi,1
deepli,3
defaultdict,3
defaultprop,1
defaulttablemodel,1
defend,1
defer,15
defin,143
defineproperti,2
definit,30
deflat,1
defrag,1
defunct,1
deg,1
degrad,2
degre,7
deinit,1
del,4
delaunay,1
delay,26
deleg,17
delet,183
deleteonexit,1
delimit,3
deliv,2
deliveri,2
deliverresult,1
delphi,12
delta,2
delv,1
demangl,1
demonstr,2
dendrogram,1
deni,9
denorm,1
denot,1
dens,4
densiti,5
dentri,1
deoptimis,1
dep,3
deped,1
depend,144
dependson,1
deploy,71
deprec,68
deprecationwarn,2
deprect,1
depth,12
dequ,2
dequeu,1
dequeuereusablecel,1
dequeuereusablecellwithidentifi,1
derefer,1
dereferenc,3
deriv,14
descend,6
descent,3
describ,7
descript,11
descriptor,4
deseri,11
design,80
desir,3
desiredcap,1
deskew,1
desktop,28
despit,2
destin,5
destroy,12
destruct,3
destructor,21
destructur,7
desugar,1
detach,5
detail,17
detect,164
detector,2
deterior,1
determin,70
determinist,3
dev,28
devart,1
devector,1
devel,1
develop,89
deviat,1
devic,120
devicesupport,1
devis,5
devop,7
devtool,10
dex,2
df,6
dfa,1
dhcp,1
di,7
diacrit,1
diagnos,1
diagon,4
diagram,13
dial,2
dialect,3
dialer,2
dialog,31
dialogflow,3
dialogfrag,1
diamond,3
dic,1
dict,25
dictionari,78
dictproxi,1
dictread,1
didchangedepend,1
didfinishnavig,1
didhidezoomslid,1
didrotatefrominterfaceorient,1
didset,2
die,2
diesel,1
diff,15
diffabl,1
differenti,7
diffi,1
difficult,1
diffutil,1
digest,5
digit,27
dijkstra,2
dim,4
dimen,2
dimens,16
dimension,10
dind,1
dir,11
dircet,1
direct,62
directli,33
directori,143
directwrit,1
dirichlet,1
dirnam,2
dirti,5
disabl,190
disadvantag,4
disallow,4
disallowedhost,1
disambigu,2
disappear,7
disassembl,2
discard,2
disclosur,1
disconnect,5
discontinu,2
discord,3
discount,1
discourag,5
discov,4
discoveri,4
discret,1
discuss,1
diseas,1
disjoint,1
disk,27
dismiss,23
dispatch,19
dispatcherservlet,2
displa,1
displac,1
display,157
displayclass,1
dispos,3
disqu,1
disregard,1
disruptor,1
dist,2
distanc,17
distancevector,2
distinct,16
distinguish,5
distort,4
distract,1
distribut,29
distributedcach,1
disturb,2
distutil,3
disutil,1
div,52
diverg,3
divi,1
divid,18
divis,10
divisor,3
django,138
django2,1
dl,3
dlib,1
dll,17
dlopen,1
dlq,1
dlsym,1
dma,1
dmarc,1
dn,10
dnsmasq,1
dnu,1
dnvm,1
dnx,3
doall,1
doc,10
doc2vec,1
docblockr,1
docheck,1
docker,386
dockerfil,28
dockerhub,1
dockerignor,3
docstr,3
doctest,1
doctor,2
doctrin,3
doctyp,1
document,99
documentcli,1
documentdb,1
docvalu,1
docx,2
doesnt,2
dokku,1
dollar,4
dom,32
domain,34
domexcept,1
domin,1
domino,1
done,20
dongl,1
dont,1
dontwarn,1
dorun,1
doseq,1
dot,25
dotenv,2
dotfil,1
dotnet,10
dotti,1
doubl,65
doublecolumn,1
doubli,2
doughnut,3
down,1
downcast,1
downgrad,8
downleveliter,1
download,124
downloadmanag,1
downsid,4
downstream,1
downtim,2
dowrit,1
doze,1
dp,5
dpi,10
dpkg,1
dplyr,35
dpm,1
drag,17
draggabl,1
drain,1
dram,1
dramat,3
draw,48
drawabl,16
drawableleft,2
drawableright,2
drawer,19
drawerlayout,5
drawimag,1
drawrect,3
drawstr,1
drawviewhierarchyinrect,1
drew,1
drf,4
dri,3
drift,1
drill,1
drive,23
driven,9
driver,26
drl,1
drool,1
drop,39
dropbox,2
dropdown,26
dropdownbutton,1
dropdownlist,1
dropdownmenu,1
dropdownmenuitem,1
dropout,4
dropup,1
dropzon,4
drupal,4
drush,1
dryscrap,1
dsc,1
dsl,1
dst,1
dstream,1
dsym,2
dtassetproviderservic,1
dto,7
dtrace,1
dtype,2
dual,2
duck,1
due,4
dumb,2
dummi,4
dummyadapt,1
dump,14
dumpsi,1
dunder,1
duplex,1
duplic,39
durat,10
dvd,1
dvm,2
dvorak,2
dwarf,2
dwg,1
dwm,2
dword,1
dxerr,1
dy,1
dyanimc,1
dylib,9
dyn,1
dynam,138
dynamicli,1
dynamo,1
dynamodb,20
eabi,1
eacc,1
eager,4
eagerli,1
eai,1
eap,1
earli,6
earlier,3
earliest,1
earth,1
easi,10
easier,2
easiest,11
easili,10
eat,4
eater,1
eav,1
eax,1
eb,1
ebo,1
ebook,1
ebp,1
ebpf,1
ec,9
echo,7
ecl,1
eclips,45
ecma6,1
ecmascript,13
econom,1
ecosystem,1
ecto,1
ed,1
edg,32
edit,59
editext,1
editor,39
editorfor,3
edittext,16
edraw,1
ee,6
ef,18
effect,57
effici,81
egg,1
eh,1
ehcach,1
eigen,3
eigenvalu,1
eigenvector,2
eigh,1
eight,1
either,13
ej,6
ejb,1
eject,1
el,6
elaps,1
elapsead,1
elast,19
elasti,1
elasticbeanstalk,1
elasticsearch,32
elb,2
electron,21
eleg,12
elegantli,3
elementhandl,1
elementnotinteractableexcept,1
elementtre,2
elementwis,1
elev,3
elf,4
elif,1
elifecycl,1
elimin,1
elis,3
elixir,20
elk,1
ellips,1
ellipsi,5
elm,6
eloqu,22
els,30
elseif,1
elsewher,1
elsif,1
em,2
emac,16
email,62
emb,21
embeb,1
embed,31
ember,7
emit,12
emitt,1
eml,1
emmet,1
emo,1
emoji,24
emoticon,2
emplac,6
employe,1
empti,88
emptyqueueexcept,1
emr,7
emscripten,2
emul,32
emulatorservic,1
en,3
enabl,112
enabledelayedexpans,1
enbl,1
encapsul,8
enclos,6
enclosingclass,1
encod,47
encount,2
encourag,2
encrypt,24
encryptedsharedprefer,1
enctyp,1
encumb,1
end,70
end+1,1
endia,1
endian,3
endless,2
endpoint,20
endpointarn,1
endswith,2
energi,2
enforc,6
engin,46
english,5
enhanc,3
eniti,1
enoent,2
enoloc,1
enospc,1
enough,10
enrol,1
ensembl,1
ensur,14
ensurecr,1
enter,19
enterpris,5
enterupgradeablereadlock,1
entir,26
entiti,79
entitl,2
entityframeworkcor,1
entitymanag,3
entranc,1
entri,19
entropi,2
entrust,2
entrycompon,3
entrypoint,4
enum,82
enumer,26
env,32
envelop,2
environ,106
environment,4
environmentnam,1
environmentobject,1
envset,1
envsubst,1
enzym,6
eof,6
eoferror,1
eol,3
ephemer,2
epi8,1
epoch,10
epol,1
epollexclus,1
epplu,1
epsilon,2
epub,2
eq,2
equal,64
equat,7
equirectangular,1
equival,104
er,2
era,1
eras,4
erasur,5
erb,1
erd,2
eric,2
erlang,4
err,11
erratum,1
errno,1
erron,1
error,369
errorev,1
errorexcept,1
errorhandl,1
errorobj,1
errorpag,1
errorpagefilt,1
es2015,9
es5,2
es6,105
es7,3
es8,1
esb,1
esc,1
escap,15
eslint,16
eslintcach,1
eslintrc,1
esmodul,1
esnext,1
esp,1
esp32,1
especi,5
espresso,7
essenti,3
est,1
establish,2
estim,8
et,1
etc,24
etcd,1
ethereum,4
etl,1
euler,1
eureka,1
eval,10
evalu,42
even,51
evenli,3
event,142
eventbu,3
eventemitt,4
eventhandl,1
eventreact,1
eventsourc,1
eventstor,1
eventtarget,1
eventu,1
ever,21
everi,64
everybodi,1
everyday,1
everyth,6
everytim,1
evict,2
evil,2
evok,1
ewm,1
ex,2
exact,14
exactli,92
exam,1
exampl,44
exc,3
exce,3
exceed,5
excel,43
except,116
exceptionhandl,2
excess,3
exchang,5
exclam,3
exclud,35
exclus,6
exe,23
exec,8
execcommand,2
execfil,1
execj,1
execut,176
executablepath,1
executemani,1
executenonqueri,1
executeread,1
executescalar,1
executor,6
executorservic,4
exempt,1
exfiltr,1
exhaust,2
exhibit,2
exif,1
exist,132
existenti,1
exit,32
exoplay,4
expand,15
expans,6
expect,25
expectedcondit,1
expens,7
experi,2
experienc,1
experiment,4
experimentid,1
expert,1
expir,9
expiri,3
explain,20
explan,5
explicit,14
explicitli,23
explod,4
exploit,3
explor,20
expo,6
expon,2
exponenti,6
export,80
expos,10
express,131
expressionvisitor,1
expressj,4
ext,6
ext4,1
extend,56
extens,97
extent,1
extentnod,1
extern,63
externallogininfo,1
externalproject,2
extglob,1
extj,1
extra,15
extract,56
extrem,4
exuber,1
exunit,1
eye,1
f#,4
fa,2
fab,10
fabric,10
facad,2
face,8
facebook,60
facebookcallback,1
facebooksdk,1
facet,3
facetgrid,1
fact,8
factor,15
factori,14
fade,8
fadein,1
fadeout,1
fail,107
failov,1
failur,12
fairli,1
fake,5
falcor,1
fall,3
fallthrough,3
fals,51
falsi,2
famili,13
famo,2
fanci,1
far,3
fargat,2
fashion,1
fast,41
fast16,1
fast32,1
fastapi,3
fastcgi,2
faster,115
fastest,23
fasthttp,1
fastparquet,1
fastrout,1
fat,6
fatal,8
fatalerrorexcept,1
fault,5
faust,1
favicon,5
favor,1
favourit,1
fb,4
fbsdk,2
fbsdkloginkit,1
fbsdkloginmanag,1
fc,1
fcm,10
fcntl,1
feasibl,2
featur,62
featurenotfound,1
fedora,2
fee,1
feed,9
feedback,4
feel,1
feign,3
fenc,2
fenwick,1
fetch,60
fetchrequest,1
fetchsiz,1
fewer,1
fexec,1
ff,1
ffmpeg,13
ffmpegwrapp,1
ffplay,2
fft,6
fftshift,1
fhir,1
fi,3
fiber,2
fibonacci,3
fiddler,1
field,144
fieldgroup,1
fieldset,1
fig,1
figur,10
file,1138
filechoos,1
fileinfo,1
filelist,1
filemerg,1
filenam,21
filenotfounderror,1
filenotfoundexcept,1
fileprovid,1
filesystem,8
filetyp,1
fill,33
filter,83
filter+map,1
final,46
financ,9
findandmodifi,1
findbyidanddelet,1
findbyidandremov,1
finder,1
findfirst,1
findon,1
findoneanddelet,1
findoneandreplac,1
findoneandupd,1
findonebi,1
findorfail,1
findviewbyid,2
fine,3
fing,1
finger,1
fingerprint,6
finish,20
finit,3
fire,9
firebas,145
firebaseapp,1
firebaseauth,1
firebaseinitprovid,1
firebaselistobserv,1
firebug,1
firefox,31
firestor,30
firewal,3
first,103
firstornew,1
fish,3
fit,37
fitssystemwindow,1
five,1
fix,166
fixedupd,1
fixtur,2
fixup,1
fjcvtz,1
flag,39
flake8,1
flame,1
flash,9
flashlight,1
flask,37
flat,5
flatbutton,1
flatlist,2
flatmap,9
flatten,12
flavor,13
flavordimens,1
flavour,1
flaw,1
flex,22
flexbox,21
flexdashboard,2
flexibl,7
flexiblecontext,1
fli,3
flicker,3
flight,1
flink,2
flip,6
float,82
float64,2
float80,1
floatingactionbutton,2
flock,2
floodfil,1
floor,5
flop,1
floppi,1
flow,17
flowabl,1
fluent,1
fluentassert,1
fluid,2
flush,4
flutter,228
flux,10
flyway,1
fm,1
fmap,1
fmt,1
fn,4
fnr,2
fo,1
focal,1
focu,19
focus,4
focusableintouchmod,1
focusnod,2
fold,10
foldabl,1
folder,131
folderbrowserdialog,1
foldleft,2
foldr,1
foldright,1
folktal,1
follow,20
font,124
fontawesom,2
fontsiz,2
foo,18
fool,1
footer,9
footnot,1
footprint,2
fopen,1
foral,1
forbid,2
forbidden,3
forc,103
forcibl,1
foreach,26
foreachpartit,1
forecast,3
foreground,8
foreign,6
forest,3
forev,5
forg,1
forget,3
forgot,2
fork,20
forkjoin,1
forkjoinpool,2
form,135
formal,2
formarray,2
format,127
formatblock,1
formatt,10
formcontrol,6
formcontrolnam,2
formdata,5
former,1
formerli,1
formgroup,2
formik,1
formrequest,1
formula,10
forroot,1
forth,1
forticli,1
fortran,2
forward,21
forwardref,1
fosuserbundl,1
fouc,1
found,54
foundat,4
foundri,1
four,6
fourier,1
fov,1
foxtrot,1
fp,3
fpe,1
fpm,3
fr,1
fraction,4
fractioncomplet,1
fragment,68
fragmentact,3
fragmentcontainerview,1
fragmentmanag,1
fragmenttransact,1
frame,34
framelayout,1
framework,142
free,42
freed,3
freehand,1
freenom,1
freetext,1
freez,8
french,1
frequenc,6
frequent,6
fresco,1
fresh,4
friday,1
friend,3
friendli,3
frombodi,1
fromcal,1
fromnod,1
fromuri,1
front,12
frontend,8
frost,1
frp,5
fsanit,1
fscanf,1
fsevent,1
fsin,1
fsn,1
fstream,1
fto,1
ftp,3
fulfil,1
full,53
fullcalendar,1
fulli,8
fullprofil,1
fullscreen,9
fullstack,1
fulltext,1
fun,4
func,6
funcnam,1
function,743
function1,1
functionalproperti,1
functon,1
functool,2
functor,12
fund,1
fundament,4
funtouch,1
fuse,1
fusion,1
futex,1
futur,27
futuretask,1
fuzzi,4
fwrite,2
fx,2
fxml,5
g++,7
g1,3
ga,4
gabor,1
gae,2
gain,2
galaxi,3
galleri,6
game,16
gameobject,1
gamma,1
gantt,1
gap,5
garag,1
garbag,16
gate,1
gateway,16
gather,2
gatsbi,3
gatsbyj,1
gaug,1
gaussian,4
gave,1
gawk,1
gb,4
gc,10
gcc,51
gcd,7
gcloud,5
gcm,7
gcmtaskservic,1
gcov,1
gcovr,1
gcp,1
gcplog,1
gd,1
gdb,4
gdi,1
geckodriv,4
gem,9
gen,1
gender,2
gener,292
generalsecurityexcept,1
generateinmemori,1
gensim,2
genymot,2
geo,1
geocod,2
geofir,2
geograph,1
geojson,2
geoloc,1
geom,2
geometr,1
geometri,1
geometryread,1
geopanda,2
geopoint,2
gephi,1
german,1
gerrit,2
gestur,11
getact,1
getaddrinfo,1
getallnetworkinfo,1
getattr,1
getattribut,1
getbitmap,1
getcompon,1
getcontext,4
getdeclaredconstructor,1
getdefaultproguardfil,1
getderivedstatefromprop,2
getdetailsof,1
getelementbyid,1
getelementsbytagnam,1
getexternalfilesdir,1
getfragmentmanag,2
getimagedata,1
getinitialst,1
getitem,2
getlin,1
getmimetyp,1
getmixerinfo,1
getobject,1
getowincontext,1
getpath,1
getproperti,2
getselect,1
getsessionfromredirect,1
getsiz,1
getsnapshotbeforeupd,1
getsupportfragmentmanag,1
getsupportloadermanag,1
getsystemservic,1
getter,17
gettext,2
gettopact,1
gettyp,1
getusermanag,1
getvalu,1
getvalueordefault,1
getwrit,1
gf4,1
gganim,1
ggforc,1
ggplot,8
ggplot2,8
ggplotli,1
ggproto,1
ghc,8
ghci,2
gherkin,1
ghostdriv,1
gi,3
gif,7
gigabyt,2
gil,2
gin,1
gist,2
git,263
gitattribut,1
gitbash,1
github,135
githubflavor,1
githubusercont,1
gitignor,12
gitkraken,2
gitlab,38
gitpython,1
give,59
given,78
gke,1
gl,1
glass,5
glbindbuff,1
glbindvertexarray,1
glibc,9
glide,7
glitch,2
glitchi,1
glmnet,3
glob,5
global,85
globalscop,1
globalthi,1
glow,3
glsl,1
glue,5
glut,1
glyph,3
glyphicon,3
gm,3
gmail,15
gmock,1
gmscoordinatebound,1
gmsmapview,1
gmt,1
gmtime,2
gnome,2
gnu,5
go,123
goal,1
godaddi,3
godel,1
godoc,1
golang,60
gold,1
golden,1
gone,4
googl,354
google+,1
googleapi,1
googleidtokenverifi,1
gopath,3
goroot,1
goroutin,4
got,6
goto,2
gotten,1
gp,4
gpg,3
gpgpu,1
gpo,1
gpu,28
graal,1
grab,3
grace,4
grad,1
grade,2
gradient,30
gradientdescentoptim,1
gradl,84
gradlew,1
grafana,4
grail,1
gram,1
grandchild,3
grant,8
graph,46
graphem,1
graphen,1
graphic,5
graphicsmagick,2
graphql,14
graphviz,2
graviti,2
gray,1
grayscal,2
greasemonkey,1
great,1
greater,6
greatest,1
greatli,4
greedi,3
green,1
greenfield,1
greenhopp,1
greet,1
gregorian,2
gremlin,1
grep,4
grepl,1
grew,1
grey,4
grid,39
gridbaglayout,1
gridlayout,1
gridlayoutmanag,2
gridlin,1
gridsearch,1
gridsearchcv,1
gridview,3
groovi,7
ground,1
group,106
groupbi,11
groupingbi,1
grow,3
growth,1
grpc,5
grunt,8
gruntfil,1
gsl,1
gson,6
gspread,1
gssapi,1
gstreamer,1
gsub,1
gt,1
gte,1
gtk+,2
guarant,1
guarante,21
guard,8
guava,4
guess,2
guest,1
gui,15
guic,1
guid,17
gulp,36
gulpfil,2
gunicorn,5
gutter,2
guzzl,4
guzzlehttp,2
gvim,1
gwt,1
gym,2
gyp,1
gypgyp,1
gyro,1
gz,1
gzip,1
h1,1
h2,4
h264,2
h5,3
h5pi,1
h6,1
hack,7
hacker,2
hackerearth,1
hackerrank,2
hadamard,1
hadoop,17
hair,2
half,13
halt,1
hamburg,3
hammer,1
hand,9
handl,134
handlebar,2
handlebeforesav,1
handleclick,1
handlenonlaunchspecificact,1
handler,19
handlerexceptionresolv,1
handlesubmit,1
handshak,2
hang,16
hangfir,2
hapi,4
happen,48
haproxi,2
hard,9
hardcod,4
hardlink,1
hardwar,14
harm,3
harmon,1
hash,44
hashabl,4
hashbang,1
hashcod,3
hashhistori,1
hashingtf,1
hashmap,12
hashrout,1
hashset,4
hashtabl,3
hashtag,4
hask,1
haskel,53
hasnext,2
hasnextlin,1
hason,1
hasownproperti,1
haswel,1
hat,2
hatch,1
hateo,1
hateoa,3
hba,1
hbase,1
hcatalog,1
hce,2
hd,1
hdf,12
hdf5,7
head,15
header,139
headless,17
headlin,1
headset,1
health,3
healthcheck,1
heap,25
hear,1
heart,2
heartble,1
heatmap,2
heavi,1
heavili,1
heic,1
heif,1
height,99
held,2
hell,3
hellman,1
hello,9
helm,2
helmet,1
help,8
helper,14
herb,1
hermesjm,1
hero,1
heroku,16
heterogen,1
heurist,3
hex,9
hexadecim,3
hexagon,1
hexdump,1
hg,1
hhvm,1
hi,1
hibern,28
hickey,1
hidden,23
hide,85
hide&show,1
hidesbarsonswip,1
hidpi,1
hierarch,2
hierarchi,3
high,27
highchart,5
higher,16
highest,3
highli,2
highlight,25
hikaricp,2
hind,1
hint,19
hinttext,1
histogram,8
histor,3
histori,26
hit,4
hive,18
hiveconf,1
hivevar,1
hl,4
hl7,1
hmac256,1
hmvc,1
hoc,2
hoist,4
hold,10
holder,3
hole,5
holiday,1
home,19
homeasup,1
homebrew,22
homepag,1
homescreen,1
homestead,3
homomorph,2
honor,1
hook,48
hope,1
horizon,1
horizont,26
horizontalscrollview,1
host,94
hostbind,2
hostlisten,4
hostnam,5
hot,16
hotjar,1
hotkey,5
hotmail,1
hotspot,3
houghlin,1
houghlinesp,1
hour,20
hous,1
hover,14
hoveronli,1
howto,1
hpp,1
hq,1
hr,2
href,6
hresult,1
hs256,1
hstack,1
hsv,1
htaccess,2
html,189
html2canva,2
html5,21
htmlunit,1
htmlunitdriv,1
htmlwebpackplugin,2
http,206
http2,4
httpactionresult,1
httparti,1
httpclient,33
httpcontext,5
httpd,3
httpentiti,2
httpinterceptor,2
httponli,1
httppost,1
httprequest,1
httprequestexcept,1
httpresponsemessag,2
httpsconnectionpool,1
httpservletrequestwrapp,1
httpsurlconnect,1
huawei,1
hub,9
hue,2
huge,13
hugepag,2
hugo,1
hull,1
human,3
hundr,2
hungarian,1
hwut,1
hybid,1
hybrid,4
hydrat,2
hyper,5
hyperkit,1
hyperkub,1
hyperledg,6
hyperlink,4
hyperparamet,2
hyperspher,1
hyphen,2
hysteresi,1
i++,4
i128,1
i18n,3
i2c,1
i386,3
iabhelp,1
iam,4
iana,1
iap,1
iar,1
iasyncenumer,1
iat,1
ibdesign,1
ibeacon,2
ibinspect,2
ibtmp1,1
ic,1
icc,2
icecast2,1
icloud,3
ico,2
icon,90
iconbutton,1
icpc,1
id,118
ide,19
idea,68
ideal,3
ideavim,3
idempot,2
ident,35
identifi,37
identifierforvendor,2
identitydbcontext,1
identityserver4,1
idf,4
idfa,1
idiom,7
idiomat,11
idl,4
idp,1
idri,1
idx,1
idx++,1
ie,14
ie11,8
ie7,1
ie8,1
iedriv,1
ieee754,1
ienumer,1
iex,2
if,2
ifabsentthrow,1
ifconfig,1
ifdef,2
ifels,2
ifft,1
iformfil,2
ifpres,1
ifram,12
ignor,55
ihaskel,1
ihostedservic,2
ihostingenviron,1
ihttpactionresult,2
ii,19
iif,5
iisexpress,2
ilist,2
ill,7
illeg,11
illegalargumentexcept,1
illegalmonitorstateexcept,1
illegalstateexcept,2
illustr,2
iloc,5
ilogg,3
iloggerfactori,2
iloggerprovid,1
im,2
imag,441
imagebutton,2
imagecontact,1
imagedatagener,2
imagefont,2
imageid,1
imagej,1
imagemagick,7
imagemap,1
imagenet,1
imagepick,1
imagepullbackoff,2
imageread,1
imageview,20
imap,3
imdb,1
imei,2
imeopt,1
imessag,1
img,5
iml,2
immedi,10
immers,1
immun,1
immut,27
immutablecollect,1
immutabledictionari,1
immutablej,3
immutablelist,1
immutablemap,1
impact,4
impala,1
imper,2
impl,2
impli,8
implic,4
implicit,15
implicitli,13
import,168
importerror,6
imposs,5
improp,1
improperli,1
improperlyconfigur,1
improv,27
impur,3
imshow,1
imul,1
imvcbuild,1
imwrit,1
in,1
inaccessibleobjectexcept,1
inaccur,2
inact,3
inapp,1
inappbil,1
inappropri,1
inbox,2
inc,1
incent,1
includ,103
inclus,5
incognito,1
incom,3
incompat,3
incompatibleclasschangeerror,1
incomplet,1
incompleteread,1
inconsist,4
incorrect,6
incorrectli,6
incosist,1
increas,53
incred,2
incremenat,1
increment,33
inde,1
indefinit,3
indent,12
indentationerror,1
independ,4
indetermin,2
index,121
indexeddb,2
indexerror,1
indexlink,1
indexof,3
indexoutofboundsexcept,1
indexoutofrangeexcept,1
indexpath,2
indexrout,1
india,1
indian,1
indic,23
indirect,3
individu,6
induct,1
industri,1
ineffici,3
inequ,1
inerti,1
inevit,1
inf,7
infect,1
infer,12
infin,6
infinit,16
inflat,4
inflect,2
influenc,2
influxdb,2
info,26
infor,1
inform,29
infrastructur,1
infrequ,1
ing,1
ingress,4
inher,1
inherit,35
inhertit,1
ini,2
init,25
initi,134
initialis,5
initializingbean,1
initialst,1
initiliaz,1
initimageapplejpeg,1
initst,3
inject,57
injector,1
inlin,36
inmemori,1
inner,14
innerhtml,2
inno,2
innodb,3
innosetup,1
inod,1
inorder+preord,1
inotificationsidechannel,1
inotifypropertychang,1
inout,1
inplac,1
input,152
inputaccessoryview,1
inputformatt,1
inputstream,3
inputtyp,1
inputview,1
insecur,7
insensit,3
insert,59
insertinto,1
insertmani,1
inserton,1
inset,2
insid,196
insight,4
inspect,13
inspector,10
instagram,19
instal,421
instanc,112
instancedbufferattribut,1
instancedbuffergeometri,1
instanceof,8
instancetyp,1
instant,10
instantcli,1
instanti,13
instantli,1
instead,148
instruct,37
instrument,7
int,117
int&,3
int0,1
int128,2
int32,3
int64,4
intdef,1
integ,114
integr,57
intel,16
intellij,85
intellisens,7
intend,2
intens,1
intent,18
inter,2
interact,19
interactivesess,1
interactor,1
intercept,4
interceptor,8
interchang,3
interest,1
interfac,105
interior,2
interlac,1
interleav,1
intermedi,6
intermitt,1
intern,35
internalsvisibleto,1
internation,2
internet,20
interop,1
interpol,14
interpret,24
interrupt,5
interruptedexcept,1
intersect,9
intersectionobserv,1
intersphinx,1
interstiti,1
interv,13
intervent,1
interview,2
intflag,1
intl,1
intogeth,1
intptr,2
intra,1
intranet,1
intrins,4
intrinsictcontents,1
intro,1
introduc,14
introduct,1
intstream,3
inttostr,1
intuit,2
intvar,1
inv,1
invalid,38
invalidarchiveerror,1
invari,4
inventori,2
invers,7
invert,4
invis,4
invit,3
invitationhandl,1
invoc,2
invok,35
invokedynam,1
involv,5
invop,1
invsqrt,1
io,348
iobj,1
iobserv,1
ioc,3
iocp,2
ioerror,2
ioexcept,1
ion,3
ionic,37
ionic2,1
ionicon,1
iop,1
ioption,1
iopub,1
ios10,1
ios11,4
ios12,1
ios13,2
ios14,1
ios7,7
ios8,11
ios9,4
iostream,2
iot,4
iotiv,1
iou,1
iowincontext,1
ip,50
ipa,13
ipad,13
ipado,1
ipcrender,1
ipdb,2
iphon,45
iphonesimulator9,1
ipn,1
iptabl,1
ipv6,1
ipykernel,1
ipynb,2
ipython,37
ipywidget,1
iqr,1
ir,1
ireadonlydictionari,1
ireadonlylist,1
iron,1
isabsolut,1
isabstract,1
isajaxrequest,1
isani,1
isarray,2
isatti,1
iscancellationrequest,1
ischeck,1
isdecim,1
isdefin,1
isdigit,3
iseq,1
isequaltostr,1
iserviceprovid,1
isfinish,1
isfinit,1
isin,1
isinst,2
island,1
ismatchingdomain,1
isnan,1
isnumer,1
iso,10
isol,2
isolatedmodul,1
isomorph,1
isprobableprim,1
isr,1
isreadi,1
isreg,1
isrevers,1
isselect,1
isset,2
issu,51
issuer,1
ist,1
istanbul,1
istio,1
istream,1
ital,2
italic,1
itanium,1
item,138
iter,94
iteritem,1
iterm,1
iterm2,2
iterrow,1
itertool,1
itextsharp,1
itm,2
itsappusesnonexemptencrypt,1
itshow,1
itun,10
itunesconnect,1
iu,1
iwebjobsstartup,1
j++,1
jaccard,1
jackson,13
jacoco,3
jade,3
jaeger,1
jalali,1
japanes,2
jar,28
jasmin,7
java,631
java+kotlin,1
java8,8
javac,3
javacv,1
javadoc,7
javae,1
javafx,24
javafx8,1
javamaxheaps,1
javapath,1
javascript,399
javascriptexecutor,1
javasparkcontext,1
javasscript,1
javassist,2
javax,3
jax,2
jaxb,1
jboss,5
jce,1
jcenter,2
jcodec,1
jdbc,15
jdbcodbcdriv,1
jdbi,1
jdk,25
jdk8,2
jdk8u40,1
jdk9,2
jedi,2
jekyl,7
jenkin,70
jenkinsfil,10
jep,1
jest,37
jetbrain,3
jetifi,1
jetpack,7
jetti,2
jfxrt,1
jhipster,5
ji,1
jinja,2
jinja2,3
jira,2
jit,4
jitsi,2
jitter,2
jl,2
jlink,1
jm,2
jme,1
jmeter,2
jmh,1
jmod,1
jmonkeyengin,1
jmx,4
jmxtool,1
jna,1
jnlp,1
job,57
jobdispatch,1
joblib,2
jobschedul,3
jobservic,1
joda,2
joi,2
join,49
jointabl,1
jointj,1
jpa,37
jpapagingitemread,2
jparepositori,4
jpeg,5
jpg,4
jpql,1
jprogressbar,1
jq,11
jqlite,1
jqm,1
jqueri,72
jre,7
jre7,1
jrubi,1
jsdoc,3
jsdom,2
jsf,1
jsfiddl,3
jshell,2
jshint,4
json,283
jsonarray,1
jsonb,3
jsoncreat,1
jsondecod,3
jsonfactori,1
jsonfield,1
jsonnod,2
jsonobj,1
jsonobject,3
jsonproperti,1
jsonschema,1
jsonseri,1
jsp,8
jspdf,7
jsperf,1
jsr,2
jstree,1
jsx,19
jsxtransform,1
jtabl,2
jtoken,1
julia,5
jumbrotron,1
jump,10
junction,1
junit,18
junit4,2
junit5,1
juno,1
jupyt,65
jupyterhub,1
jupyterlab,5
justifi,11
jvm,34
jvmstatic,1
jwt,36
kabl,1
kafka,39
kafkaproduc,1
kaio,1
kalman,1
karabin,1
karaf,1
karma,5
karp,1
katana,4
kb,3
kb4340558,1
kcfrunloopcommonmod,1
kdiff3,1
keep,76
keepal,2
keg,2
kendo,2
kera,79
kerasregressor,1
kerbero,2
kern,1
kernel,16
kestrel,5
kext,2
key,220
keyboard,56
keyboardev,1
keychain,2
keycloak,7
keycod,1
keydown,2
keyfram,1
keyof,3
keypoint,1
keypress,3
keyspac,2
keystor,7
keystoreexcept,1
keystrok,2
keytab,1
keyup,1
keyvault,2
keywindow,2
keyword,54
kibana,6
kik,1
kill,26
kind,12
kindof,1
kinesi,1
kiosk,2
kit,8
kitkat,2
kivi,1
kl,1
km,1
kmean,1
kml,1
kmp,1
knapsack,1
knex,2
knit,2
knitr,5
knockout,1
knockoutj,1
know,77
known,8
koa,2
komodo,1
konami,1
kotlin,120
kt,2
kth,1
kube,2
kubeadm,1
kubectl,13
kubelet,1
kubernet,70
kv,1
kvo,2
kwarg,1
l1,4
l2,1
l3,1
lab,2
label,45
labelfor,1
lack,2
lag,3
laggi,1
lagom,1
lambda,138
lambdaconversionexcept,1
landmin,1
landscap,5
lane,1
lang,16
lang3,1
languag,73
lapack,1
lappli,1
laptop,1
laravel,214
larg,66
largeheap,1
larger,14
largest,6
laser,1
last,50
lasterror,1
lastindexof,2
lat,3
late,1
lateinit,2
latenc,7
later,11
latest,38
latex,3
latin,1
latitud,6
lato,1
launch,31
launchargu,1
launchd,2
launchenviron,1
launcher,11
launchpurchaseflow,1
launder,3
lay,1
layer,27
layman,1
layout,90
layoutanim,1
layoutmanag,2
lazi,12
lazili,1
lazyinitializationexcept,1
lb,1
lcov,1
lcrypto,1
ld,3
ld+json,1
lda,1
ldap,1
ldflag,2
ldg,1
lead,10
leaf,1
leaflet,5
leak,16
leakag,1
leap,2
leaper,1
learn,47
leaselostexcept,1
least,10
leav,6
lectur,1
left,53
leftbarbuttonitem,1
legaci,7
legal,19
legend,9
legit,1
legitim,3
leiningen,1
leksah,1
lemma,1
lemmat,3
len,5
length,51
lerna,1
less,20
let,33
letsencrypt,3
letter,28
letterspac,1
level,41
leverag,4
leviti,1
lexic,4
lexicograph,4
lf,3
lfenc,2
lfu,1
lg,1
lh,1
li,1
lib,12
lib64,1
libc,2
libc++,4
libc++abi,1
libclang,1
libfus,1
libgdx,3
libjpeg,1
libman,1
libpath,1
librai,1
librari,184
libreoffic,1
libsqlite3,1
libstdc++,3
libswift,1
libswiftremotemirror,1
libsystem,1
libz,1
licens,4
lidar,1
lie,3
life,9
lifecycl,7
lifecycleact,1
lifecycleown,1
lifecyl,1
lifetim,8
light,7
lightcont,1
lighter,1
lightsail,3
lightweight,1
likelihood,1
limit,70
linalg,4
line2d,1
lineag,3
linear,18
linearlayoutmanag,1
linearsvc,1
linebreak,2
lineinfil,1
linelength,1
liner,3
lines,1
linewidth,1
link,123
linkag,1
linkedin,6
linkedlist,1
linker,8
linq,14
linqpad,1
linspac,1
lint,6
lintvitalreleas,1
linu,1
linux,101
lippert,1
liquibas,3
liquid,2
liskov,1
lisp,2
list,401
listagg,1
listbox,1
listen,31
listenablefutur,1
listview,17
lite,1
liter,37
litter,1
littl,4
live,30
livechatid,1
livedata,8
livereload,2
liveview,1
lldb,4
llvm,2
lm,3
lmax,1
lme288,1
lme4,1
lmer,1
lmplot,1
lo,1
lo+,1
load,192
loadbalanc,1
loadchildren,1
loader,12
loadmiss,1
loc,5
local,194
locald,7
localdatetim,2
localdb,8
localfold,1
localhost,26
localis,1
localizeddescript,1
localstack,1
localstorag,15
localtim,1
locat,90
lock,47
lockfilevers,1
lockscreen,1
lodash,15
log,180
log10,1
log1p,1
log4j,6
log4j2,3
logarithm,2
logback,3
logcat,3
logfil,1
logger,3
logging#common,1
logic,24
login,49
loginrequiredmixin,1
loginwithreadpermiss,1
logist,4
logit,3
logn,1
logo,5
logout,7
logru,2
logstash,3
lollipop,27
lombok,6
long,70
longer,22
longest,1
longitud,6
longrun,2
longvalu,1
look,24
lookahead,2
lookbehind,1
lookup,15
loop,161
loopback,4
loos,1
lose,9
loss,14
lossi,1
lossless,2
lost,6
lot,9
loudspeak,1
low,10
lower,9
lowerbound,1
lowercas,9
lowess,1
lowest,1
lp,1
lpctstr,1
lru,1
lsapplicationworkspac,1
lsep,1
lsp,1
lssl,1
lstm,16
lt,6
ltcg,1
lte,1
lto,2
lua,2
lubrid,2
lui,1
lumen,3
luna,2
luong,1
lvalu,5
lxc,2
lxml,1
lzcnt,1
m1,2
m2,1
m3u8,1
m4,1
mac,89
mach,2
machin,69
macintosh,1
maco,28
macosx,2
macport,2
macro,22
macvim,1
mad,1
made,13
magento,6
magento2,1
magic,4
magnitud,1
magrittr,2
mahapp,1
mail,10
mailitem,1
mailmessag,1
main,63
mainact,2
mainli,1
mainloop,1
mainscreen,1
maintain,10
mainten,1
major,5
makecert,1
makefil,9
makemigr,1
maker,1
makestyl,2
maketran,1
malformedinputexcept,1
malformedjsonexcept,2
malici,1
malloc,14
malwar,1
mamp,4
man,3
manag,73
managedobjectcontext,2
mandat,2
mandatori,8
mangl,3
mani,63
manifest,9
manifestneedederror,1
manipul,8
manner,1
mantain,1
manual,36
manytomani,1
map,215
mapbox,1
mapdispatchtoprop,2
mapkit,2
mapm,2
mappartit,2
mapper,5
mapstatetoprop,1
maptoint,2
maptyp,1
march,3
margin,21
maria,1
mariadb,3
mark,21
markdown,49
marker,16
market,3
marketplac,1
markov,1
markup,3
marque,3
marshal,4
marshaljson,1
marshmallow,9
mask,21
mass,2
massiv,3
master,22
mat,18
match,56
matdialog,1
materi,81
material2,1
materialbutton,1
materializecss,1
math,17
mathemat,3
mathjax,4
maticonregistri,1
matlab,17
matpaginatorintl,1
matplotlib,50
matrix,33
matter,11
maven,58
maverick,1
max,51
maxim,7
maximis,1
maximizi,1
maximum,31
maxlength,1
maxmetaspaces,1
maxramfract,1
maxsdkvers,1
maxsiz,1
maxvalu,1
maxwel,1
may,6
maya,1
mayb,3
mb,10
mbox,1
mbyte,1
mcrypt,1
md,10
md5,6
mdc,1
mddialog,1
mdfind,1
mdn,1
mdtoast,1
meaning,2
meant,7
measur,20
mechan,15
mediacodec,1
medial,1
median,3
mediaplay,1
mediaprojectionmanag,1
mediaqueri,1
mediarecord,2
mediasess,1
mediasourc,1
mediastor,2
mediawiki,1
medium,14
meet,4
mef,1
meld,1
melt,2
mem,2
member,78
memcach,1
memcmp,1
memcpi,9
meminfo,1
memmov,2
memo,4
memoiz,2
memori,159
memoryerror,2
memorystream,1
memset,4
men,1
mention,6
menu,41
menubar,1
menuitem,1
mercuri,3
merg,71
mergemap,1
mergesort,3
mermaid,1
mern,2
mesh,3
meshgrid,1
messag,125
messagebox,1
messeng,7
messi,2
met,2
meta,10
metacharact,1
metaclass,2
metadata,6
metadatafetchfailedexcept,1
metal,1
metamodel,1
metaprogram,1
metaspac,1
metastor,1
metatyp,1
meteor,12
meter,1
method,375
methodhandl,3
methodsignatureforselector,1
methodtyp,1
metric,5
metro,1
mf,1
mfa,1
mfcc,1
mfenc,1
mget,1
mi,2
micro,4
microcontrol,3
microdata,2
microk8,1
microphon,3
microsecond,1
microservic,21
microsoft,38
mid,1
middl,7
middlewar,10
midi,1
midnight,2
might,4
migrat,54
mileston,2
milion,1
million,6
millisecond,12
mime,6
mimic,6
mimick,1
min,20
mine,1
minecraft,2
mingw,6
mingw64,1
mini,3
minif,1
minifi,10
minifyen,2
minikub,4
minim,19
minimap,2
minimax,1
minimum,23
minion,1
minitest,1
minkub,1
minmax,1
minor,1
minsdkvers,1
mint,1
minu,4
minuend,1
minut,15
minvalu,2
mirror,1
misc,1
mischief,1
miscomput,1
mislead,1
mismatch,3
mispredict,1
misra,1
misread,1
miss,47
missinginteg,1
mist,1
mistak,1
misunderstand,1
mitig,2
miui,5
mix,8
mixin,6
mixtur,1
mj,1
mjpeg,1
mkannot,2
mkdir,4
mkdirsync,1
mkmaprect,1
mkmapview,1
mkpolylin,1
mksdcard,1
mksnapshott,1
mkv,1
ml,2
mllib,1
mlp,1
mm,9
mm256,1
mmap,3
mmu,1
mmx,1
mnist,4
mobil,48
mobx,2
mocha,7
mock,32
mockabl,1
mockbackend,1
mockito,10
mod,6
modal,37
modalbottomsheet,1
modalview,1
mode,106
model,154
modelattribut,1
modelform,1
modelica,1
modelseri,1
modelst,1
modern,33
modif,2
modifi,61
modifiedd,1
modul,181
modular,4
modularli,1
modulenotfounderror,2
modulepath,1
modulerr,1
modulo,2
modulu,4
mojarra,1
mojav,3
moment,12
momentj,4
momentsj,1
monad,31
monadicali,1
monadplu,1
monday,2
money,2
mongdb,1
mongo,5
mongod,1
mongodb,62
mongoos,19
mongorepositori,2
monitor,13
monkey,1
mono,3
monobehaviour,2
monoid,5
monorepo,1
monoton,2
month,24
monthli,1
monthnam,1
monthnum,1
moq,2
morgan,2
mortem,1
mosquitto,2
motion,2
motiv,3
mount,9
mous,13
mousedown,1
mouseov,3
mouseup,1
mov,2
movabl,2
move,92
movemask,1
movenext,1
movetasktoback,1
moz,1
mozilla,1
mp3,6
mp4,10
mpandroidchart,4
mpeg,4
mpl,2
mplayer,1
mplot3d,1
mpmovieplayercontrol,1
mptt,1
mqtt,3
mrunit,1
ms,1
ms14,1
msal,1
msbuild,8
mscorlib,1
mscrm,1
msdn,1
mse,1
msg,2
msi,4
msil,1
mssql,2
msv,1
msvc,4
msys2,2
msysgit,1
mt19937,1
mtp,2
much,52
multer,5
multi,51
multibranch,2
multiclass,1
multicor,1
multicursor,1
multidex,2
multidexen,1
multidimension,6
multiindex,2
multilay,1
multilin,11
multimap,1
multinomi,1
multip,1
multipart,9
multipli,11
multiprocess,15
multiresourceitemread,1
multitask,1
multithread,16
multivaluedmap,1
multivari,1
music,6
must,31
mut,1
mutabl,14
mutablelist,2
mutat,13
mute,1
mutex,10
mutt,1
mutual,4
mv,1
mvc,93
mvc4,2
mvc5,4
mvc6,1
mvn,1
mvnw,2
mvp,7
mvvm,5
mxgraph,1
myapp,3
mybati,1
myhomepag,1
mypi,2
myproject,1
mysql,95
mysqldb,2
mysqli,7
myvari,1
n&,2
n+1,1
na,5
nacl,1
naiv,5
nake,3
nam,1
namecheap,1
namedtupl,2
namenod,1
nameof,3
nameservic,1
namespac,23
namevaluepair,1
nan,25
nanj,1
nano,1
nanosecond,1
napoleon,1
narrow,1
nasm,2
nat,2
nativ,205
nativebas,1
nativeel,1
nativequeri,1
natur,3
nav,11
navbar,11
navcontrol,2
navhostfrag,1
navig,106
navigationbar,6
navigationbaritem,1
navigationbutton,1
navigationdraw,1
navigationlink,2
navigationopt,1
navigationview,19
nbsp,2
nbviewer,1
nchw,1
nd,1
ndarray,4
ndk,8
nearbi,2
nearest,3
neat,1
necessari,30
necessarili,2
need,177
needless,2
neg,20
neg+add,1
negat,4
negoti,2
neither,6
neo4j,7
neon,3
neovim,1
ner,2
nest,97
nested,1
nestedscrol,1
nestedscrollview,3
nestedscrollview&collapsingtoolbarlayout,1
nestj,1
net,315
netbook,1
netcat,2
netflix,1
netifac,1
netlifi,1
netmodul,1
netrw,1
netti,2
network,66
networkimag,1
networkx,3
neural,16
neuron,1
never,12
newaxi,1
newer,4
newest,4
newli,7
newlin,9
newpag,1
news,1
newsstand,1
newtonsoft,1
newtyp,2
newvalu,1
next,34
nextj,1
nextlin,1
nexu,5
nf,1
nfc,3
ng,44
ng2,3
ngafterviewcheck,1
ngafterviewinit,1
ngbdateparserformatt,1
ngbinputdatepick,1
ngcc,1
ngcomponentoutlet,1
ngcooki,1
ngcordova,1
ngdocheck,1
ngfor,12
ngforof,1
nghide,1
ngif,5
nginx,33
ngmessag,1
ngmodel,9
ngmodelchang,1
ngmodelcontrol,1
ngmodul,8
ngoninit,2
ngoption,1
ngrepeat,1
ngrok,2
ngrx,3
ngshow,1
ngsrc,1
ngstyle,1
ngtabl,1
ngtemplateoutlet,2
ngx,3
ngzone,2
nhwc,1
nib,1
nic,1
nice,6
niebler,1
nifti,1
night,6
nil,10
ninja,1
ninject,1
nio,6
nit,1
nl80211,1
nlog,3
nlogn,1
nlp,2
nltk,7
nlu,2
nn,7
noactionbar,1
nobodi,1
nobr,1
noclassdeffounderror,2
nodatim,1
node,228
nodej,42
nodejs5,1
nodelist,1
nodemail,2
nodemon,7
nodeport,2
nodevalu,1
nodpi,2
noexcept,7
nofil,1
nohup,1
noimplicitani,1
noinlin,1
nois,1
noisi,1
nokogiri,1
nolazi,1
nomethoderror,1
nomin,1
non,122
nonc,1
none,21
nonetyp,2
nonexist,1
nonlinear,2
nonnul,3
nontrivi,1
nonuniqueresultexcept,1
nonzero,1
noop,1
noopen,1
nop,2
noqa,1
noreferr,2
noreturn,1
norm,1
normal,37
normalizr,1
noscript,1
nose,1
nosql,2
nosuchkey,1
nosuchmethodexcept,1
notat,10
notch,3
note,4
notebook,68
notebookapp,2
notepad,2
notepad++,7
notfoundexcept,1
noth,6
notic,2
notif,80
notifi,11
notificationcent,1
notificationmanagercompat,1
notifyitemchang,1
notimplementederror,1
notimplementedexcept,2
notsupportedexcept,1
nougat,2
nox,1
np,6
npath,1
npm,95
npmignor,1
npmrc,3
npoi,1
npx,2
nr,2
nrepl,1
nsallowsarbitraryload,1
nsapptransportsecur,1
nsarray,2
nsarraycontrol,1
nsattributedstr,3
nsbutton,1
nsbuttoncel,1
nscalendarsusagedescript,1
nscamerausagedescript,1
nscfstring,1
nscharacterset,1
nscode,1
nscollectionview,2
nscollectionviewitem,1
nsdata,4
nsdate,5
nsdatecomponentsformatt,1
nsdateformatt,2
nsdictionari,1
nsdictionaryofvariablebind,1
nsdiffabledatasourcesnapshot,1
nsdocumentdirectori,1
nsexcept,1
nsextensionactivationrul,1
nsfetchrequest,1
nsfetchresultscontrol,1
nsfilenamespboardtyp,1
nsimageview,1
nsjsonseri,1
nskeyedunarchiv,1
nslayoutconstraint,1
nslocalizedstr,1
nslog,2
nsmanagedobject,3
nsmutablearray,1
nsnotif,1
nsnotificationcent,1
nsobject,1
nsopenpanel,1
nsoper,1
nsoperationqueu,2
nsoutlineview,1
nsphotolibraryaddusagedescript,1
nspopov,1
nsrang,1
nsscrollview,1
nsstring,4
nstablecellview,1
nstablerowview,1
nstimer,3
nstoolbar,1
nsuinteg,1
nsurl,3
nsurlcach,1
nsurlsess,6
nsurlsessiondatatask,1
nsuseract,1
nsuserdefault,8
nsview,2
nsvisualeffectview,2
nth,5
ntree,1
nuget,28
null,123
nullabl,13
nullifi,1
nullish,1
nulliti,1
nullopt,1
nullpointerexcept,7
nullptr,1
num,2
num++,1
numba,3
numberformatexcept,1
numer,17
numericvector,2
numpad,1
numpartit,1
numpi,102
nunit,2
nurseri,1
nut,1
nuxt,4
nv21,1
nvidia,1
nvm,7
nvp,1
nw,1
o,144
o2,1
oat,1
oauth,17
oauth2,10
oauth2client,1
oauth2resttempl,1
oauthbearerauthent,1
obey,1
obfusc,8
obfuscar,1
obj,9
objc,3
objdump,1
object,547
objectanim,1
objectmapp,2
objectnod,1
objectproperti,1
observ,55
observablecollect,1
observablefield,1
observablehq,1
observedobject,2
observeev,1
obsolet,7
obtain,18
obviat,1
obviou,1
ocaml,2
occasion,1
occupi,1
occur,15
occurr,12
ocean,2
oci,1
ocr,7
octal,1
octav,2
octet,2
octre,1
odata,4
odbc,2
odd,5
odditi,1
odoo,2
odr,2
offer,10
offic,3
offici,13
offlin,20
offset,12
offsetheight,1
offsetof,1
ofnul,2
often,5
oh,2
ohlc,1
ok,23
okay,3
okhttp,9
okhttpclient,1
ol,1
olap,1
old,31
older,11
oldest,1
oldvalu,1
oltp,1
omiss,1
omit,4
omnicomplet,1
on,2
onactivityresult,2
onattach,1
onbeforeunload,1
onbindviewhold,1
onblur,2
oncal,1
onchang,6
oncheckedchagelisten,1
onclick,18
onclicklisten,2
oncomplet,1
onconstructor,1
oncreat,4
oncreateview,1
ondelet,1
ondestroy,1
ondisconnect,1
onehotencod,2
oneplu,1
onerror,1
onetab,1
onfulfil,1
onidiom,1
oninput,1
onitemclicklisten,1
onkeypress,1
onlin,11
onnext,1
onpaus,3
onplatform,1
onpress,2
onpush,1
onstart,1
onstop,2
ontap,1
ontaskremov,1
ontextchang,1
onto,6
ontolog,1
onupgrad,1
onward,1
onwrit,1
oo,2
oop,6
op,7
opac,3
opal,1
opaqu,4
opc,2
opcod,1
open,186
openai,2
openapi,5
opencl,2
opencsv,1
opencv,40
opencv2,1
opencv3,3
openfiledialog,1
openfir,1
opengl,10
openid,5
openjdk,8
openjfx,1
openlay,1
openmp,1
openmpi,1
openocd,1
openpgp,1
openpyxl,4
openscad,1
openshift,4
openssl,7
openstreetmap,1
opentyp,2
openurl,2
openweathermap,1
oper,185
operand,1
oppo,2
opportun,1
oppos,1
opposit,4
opswork,2
opt,5
optim,90
optimis,4
optimum,1
option,162
optionalboolean,1
optionsettyp,1
oracl,30
orca,2
orchid,1
ordbm,1
order,115
orderbi,4
ordereddict,4
ordin,2
ordinari,2
oreo,3
org,17
organ,11
ori,1
orient,30
origin,48
orm,9
orphan,1
os,1
osc,1
oserror,1
osgi,2
osm,2
ostream,4
ostream&,1
osx,20
ota,1
other,13
otherwis,7
otp,2
outdat,2
outer,10
outgo,3
outlet,4
outlier,2
outlin,6
outlinebutton,1
outlook,2
outofmemoryerror,3
output,120
outputpath,1
outputstream,1
outsid,38
oval,2
overal,1
overalloc,1
overcom,3
overflow,33
overflowexcept,1
overhead,8
overlap,14
overlay,16
overload,30
overrid,30
overridden,2
overridelibrari,1
overscrol,2
overus,1
overview,1
overwrit,15
overwritten,1
owin,12
owl,1
own,1
owner,6
ownership,1
ownkey,1
ownprop,1
oxygen,1
p12,3
p2p,3
p3,1
p8,1
pack,20
packag,211
packageinfo,1
packageinstal,1
packagerefer,1
packet,4
pad,32
pagecach,1
pagecontain,1
pagedlist,1
pagedown,1
pageimpl,1
pager,4
pages#hom,1
pagespe,1
pageview,2
pagin,15
paid,2
paint,1
pair,28
pair&&,1
pairwis,1
palett,1
palindrom,1
pan,3
panda,216
pandoc,4
pane,6
panel,9
panic,5
papa,2
paper,3
par,1
paragraph,6
parallax,2
parallel,43
parallelis,1
parallelogram,1
parallelprefix,1
parallelsort,1
parallelstream,1
param,21
paramarray,1
paramet,198
parameter,4
parametr,3
paramiko,1
paranoid,2
parcel,3
parent,69
parenthesi,14
parentnod,3
pareto,1
pariti,2
parkinson,1
parquet,11
pars,62
parseint,1
parser,8
part,33
parti,10
partial,27
partialasync,1
particl,2
particular,21
particularli,2
partit,30
partition,2
partitioncolumn,1
partli,1
pass,224
passeng,3
passphras,1
passport,6
passportj,2
password,92
passwordencod,1
past,24
pastel,1
patch,13
path,121
pathlib,1
pathmatch,1
pathnam,1
patho,1
patholog,1
pathspec,1
pattern,88
paus,14
pay,1
payara,1
payload,8
payment,3
paypal,2
payu,1
pb,3
pbtxt,1
pbxproj,1
pc,6
pca,3
pch,2
pcie,1
pcl,2
pcm,1
pcntl,2
pd,5
pdb,3
pdf,55
pdf2imag,1
pdfbox,2
pdfj,1
pdfminer,1
pdo,4
pdu,1
pdword,1
peak,3
pecl,1
peek,2
peer,11
peerj,1
pelican,1
pem,4
penalti,1
pend,6
pendingint,2
penultim,1
peopl,13
per,39
percent,6
percentag,15
percentil,1
perf,5
perfect,2
perfectli,2
perforc,1
perform,146
performselector,1
perhap,2
period,5
peripher,1
perl,9
permalink,1
perman,15
permgen,1
permiss,77
permissionrequiredmixin,1
permit,5
permut,6
persian,3
persist,35
person,6
perspect,3
pffacebookutil,1
pfn,1
pfx,1
pg,6
pgadmin,2
pgsql,1
phantom,1
phantomj,8
phase,8
phasset,4
phi,1
phimagemanag,2
phish,1
phoenix,3
phoenixframework,1
phone,32
phonegap,5
photo,16
php,130
php5,1
php7,3
phpdoc,1
phpexcel,1
phpmailer,2
phpmd,1
phpmyadmin,5
phpoffic,1
phpspreadsheet,1
phpstorm,8
phpunit,4
phpword,1
phrase,4
phtml,2
phusion,1
physic,7
pi,8
pic,3
picasso,9
pick,12
picker,16
pickerview,1
pickl,9
pictogram,1
pictur,17
pid,2
pie,4
piec,4
piece0,1
piecewis,1
pil,5
pillar,2
pimpl,1
pin,5
pinch,4
pinchgestur,1
pine,1
ping,3
pinpoint,2
pinvok,1
pip,68
pip3,6
pipe,24
pipelin,44
pipenv,7
piper,1
pipfil,3
pitfal,1
pivot,13
pivotaltrack,1
pixel,17
pixij,1
pk,1
pk8,1
pkcs#12,1
pkcs12,1
pkcs5pad,1
pkdraw,1
pkg,3
pkl,1
pl,1
place,39
placehold,23
placeid,1
placement,9
plain,13
plan,10
plane,3
platform,38
play,70
playback,3
playbook,5
player,4
playerview,1
playground,12
playlist,3
playsound,1
ple,1
pleas,6
plesk,1
plethora,1
plinko,1
plinq,1
plist,9
plot,56
plotli,4
plt,3
plu,12
pluck,1
plug,4
plugin,56
plumb,1
plural,1
pm,1
pm2,7
png,7
po,4
poco,1
pod,34
podfil,1
poi,1
point,104
pointer,131
poison,2
poisson,1
pojo,4
polar,3
polici,14
poll,6
pollerr,1
pollev,1
pollhup,1
pollnval,1
poltergeist,1
polyfil,6
polygon,7
polyhedron,1
polylang,2
polylin,3
polym,11
polymorph,19
polynami,1
polynomi,1
pom,6
pong,2
pool,24
poor,2
poorli,3
pop,10
popbackstack,1
popen,4
popov,7
popper,2
popul,12
popular,6
popup,8
popviewcontrol,1
popviewcontrolleranim,1
porcelain,1
port,50
portabl,9
portal,2
portect,1
portion,2
portrait,2
pose,1
posit,80
posix,3
post,91
postasjsonasync,1
postasync,2
postdelay,1
postfix,1
postgi,2
postgr,31
postgreql,1
postgresql,36
postinstal,1
postman,17
postmessag,1
postpon,1
postprocess,1
potenti,6
pound,1
pow,3
power,14
powerbi,1
powerpoint,1
powerset,1
powershel,57
ppsize,1
pr,1
practic,74
practis,1
pragma,3
pre,25
prealloc,1
preced,10
precis,14
precompil,2
precomput,1
precondit,2
predefin,2
predetermin,1
predic,6
predict,24
preemptiv,1
pref,1
prefer,51
preferenceact,1
preferencefrag,1
preferencefragmentcompat,1
preferencescreen,1
preferredstatusbarstyl,1
prefetch,8
prefetchplugin,1
preffer,1
prefil,1
prefix,21
preflight,4
preg,1
prehistor,1
preivew,1
preload,5
prematur,1
premis,1
premultipli,1
prepar,5
preparedstat,1
preprocess,1
preprocessor,9
prereleas,2
prerend,1
prerequisit,2
presenc,2
present,45
presentationframework,1
presentviewcontrol,1
preserv,17
preservewhitespac,1
preset,3
presign,1
press,19
pressur,1
prestashop,1
pretask,1
pretti,9
prettier,6
prev,1
prevent,114
preventdefault,2
preview,17
previou,35
previous,3
prevstat,2
pri,1
price,2
primari,15
primarycolor,1
primaryswatch,1
prime,2
primeng,3
primer,1
primit,15
princip,1
principl,5
print,100
printcompil,1
printdocu,1
printer,3
printf,13
printhierarchi,1
println,1
printwrit,2
prior,3
prioriti,9
priv,1
privaci,2
privat,78
privileg,6
prng,1
pro,14
probabilist,1
probabl,7
problem,19
probplot,1
proc,1
procedur,16
proceed,4
proceedingjoinpoint,1
process,108
processor,7
prod,6
produc,31
product,68
profession,2
profil,41
progmat,1
program,135
programat,5
programdata,1
programerror,1
programm,2
programmat,124
progress,29
progressbar,5
progressdialog,2
proguard,10
proj,1
projectnam,1
projector,1
projectrefer,2
prolong,1
promdash,1
prometheu,3
promis,92
promisifi,5
promot,3
prompt,24
prone,1
pronounc,1
proof,1
prop,38
propag,3
proper,29
properli,74
properti,175
propertywrapp,1
prophet,1
proport,1
proportion,1
propos,3
proptyp,7
protect,29
proteg,1
proto,1
protobuf,4
protoc,1
protocol,48
protocolbuff,1
protocolexcept,1
prototyp,20
protractor,17
prove,4
proven,2
provid,66
providedin,2
provis,6
proxi,54
proxim,1
proxyhost,1
prune,2
prvalu,2
ps1,1
psd2,1
pseudo,11
pso,1
psql,8
psqlexcept,1
psr,4
psutil,1
psycopg2,4
pthread,2
pti,1
ptr,26
ptr++,1
ptv,1
pubkey,1
public,46
publicli,3
publicpath,1
publish,27
publishprofil,1
pubsub,1
pull,42
puma,1
pump,1
pun,4
punch,2
punctuat,2
puppet,15
puppi,3
purchas,8
pure,23
purg,1
puriti,1
purpos,71
purrr,2
push,78
pushdown,1
pusher,1
pushnotif,1
put,72
putifabs,1
putti,1
puzzl,1
pv,2
pvc,2
pwa,10
pwd,2
px,5
py,29
py2ex,1
py4j,1
pyarrow,2
pyaudio,2
pyc,1
pycharm,37
pycrypto,1
pyd,2
pydev,2
pydoc,1
pydot,1
pydub,1
pyenv,2
pygam,6
pyi,2
pyinstal,4
pylab,1
pylint,4
pymc3,1
pymongo,5
pypdf2,1
pypi,7
pypic,1
pyplot,2
pyproj,1
pyqt,6
pyqt4,3
pyqt5,2
pyramid,2
pyseri,1
pysid,3
pysimplesoap,1
pyspark,29
pyspid,1
pytesseract,1
pytest,10
python,768
python+opencv,1
python+sqlalchemi,1
python2,4
python3,22
pytorch,34
pytz,1
pyvenv,1
pyyaml,1
q1,1
q2,1
qa,2
qcut,1
qemu,3
qeventloop,1
qlik,1
qlineedit,1
qmake,1
qmessagebox,2
qml,5
qml+j,1
qr,5
qrc,1
qrcode,1
qsignalmapp,1
qsort,1
qsqlcipher,1
qstring,1
qt,20
qt5,1
qtableview,1
qtablewidget,1
qtcreator,1
qtdesign,1
qtpaint,1
qtwebengin,1
quadrat,1
quak,1
qualifi,7
qualiti,7
qualityofservic,1
quantifi,1
quantil,1
quantiz,1
quartil,1
quartz,2
quaternion,1
queen,2
queri,174
querydsl,1
queryset,2
querystr,1
question,7
queu,2
queue,33
quick,8
quicker,2
quickest,4
quickli,9
quicksort,2
quickstart,1
quill,4
quit,6
quot,16
quotat,1
qwebchannel,1
qwerti,1
r,175
r1,1
r12,1
r2,3
r21,1
r5,1
r6,1
r71,1
r7r,1
rabbitmq,10
rabin,1
race,4
racetosuccess,1
racket,1
radial,1
radian,1
radiat,2
radio,8
radiobutton,1
radiogroup,1
radiu,6
raii,1
rail,71
railti,1
railway,1
rais,17
raisedbutton,1
rake,1
ram,5
ramda,1
ran,1
rand,10
random,72
randomaccess,1
randomforest,2
randomli,6
randomuuid,1
rang,87
rangebetween,1
rangeerror,1
rank,4
rare,1
rasa,2
raspberri,6
raspberrypi,1
raspbian,3
raspiberri,1
raster,2
rasterbrick,1
rate,23
ratelimit,1
rather,19
ratio,11
rational,8
ravel,2
raw,20
ray,2
raytrac,1
razor,10
rb,3
rbac,1
rbind,1
rbp,2
rc,5
rc2,4
rcnn,1
rcparam,1
rcpp,2
rcurl,1
rd,12
rdata,1
rdbm,1
rdbuf,1
rdd,18
rdf,1
rdfa,1
rdynam,1
rdyncal,1
re,5
reach,8
reachabl,2
react,616
reactdom,2
reactdomserv,1
reactel,1
reactiv,15
reactivecocoa,2
reactiveform,1
reactj,69
reactn,1
reactnod,1
reactor,1
reactown,1
reactphp,1
reactstrap,1
read,185
readabl,3
readablestream,1
readalllin,1
readasstreamasync,1
readasstringasync,1
reader,2
readerwriterlock,1
readerwriterlockslim,1
readfil,2
readfilesync,1
readi,5
readlin,7
readm,7
readonli,6
readonlycollect,1
readtimeouterror,1
real,36
realist,2
realitykit,1
realiz,3
realli,69
realloc,3
realm,15
realmlist,1
realmresult,1
realmswift,1
realproxi,1
realtim,9
reappear,1
rearrang,2
reason,48
reauthent,1
reauthenticatewithcredenti,1
rebalanc,1
rebas,14
rebind,1
reboot,1
rebuild,11
rec,1
recal,3
recalcul,2
recaptcha,12
receipt,5
receiv,31
receiverdisconnectedexcept,1
recent,9
recept,1
recip,1
recipi,1
recogn,23
recognis,2
recognit,6
recommend,21
recompil,9
recomput,1
reconnect,5
reconstruct,1
record,50
recov,5
recoveri,1
recoverpos,1
recreat,6
rect,3
rectangl,13
rectangular,1
recttransform,1
recur,3
recurr,2
recurs,41
recursiveastvisitor,1
recursivedescript,1
recv,1
recycl,10
recyclerlistview,1
recyclerview,86
red,4
redeclar,1
redefin,2
redefinit,1
redi,29
redirect,58
redirecttoact,1
redistribut,1
redo,2
redraw,2
redshift,6
reduc,54
reducebykey,1
redund,9
redux,77
reentrant,1
ref,21
refactor,6
refer,160
referenc,8
referenceerror,1
referenti,1
referr,3
refl,1
reflect,16
reformat,1
refract,1
refresh,51
refreshtoken,1
refus,9
reg,2
regard,3
regardless,6
regasm,1
regdb,1
regener,2
regex,30
regexp,1
region,10
regist,32
registerfordraggedtyp,1
registr,4
registrationid,1
registri,25
regress,16
regular,30
reific,1
reindex,1
reinforc,1
reinstal,8
reinterpret,1
reject,10
rel,21
relat,33
relationship,17
relativ,1
relativelayout,1
relaunch,1
relax,2
relay,4
relayst,1
releas,45
relev,3
relhasoid,1
reli,1
reliabl,11
relianc,1
reload,34
reloaddata,1
reloaditem,1
reloc,1
relocat,2
relplot,1
relu,1
rem,1
remain,6
remaind,2
remap,2
rememb,5
remind,2
remot,65
remoteview,1
remount,3
removearrangedsubview,1
removedeliverednotif,1
removefil,1
removefromsuperview,1
renam,33
render,102
rendertostr,1
renegoti,1
renew,12
reorder,10
rep,1
repaint,1
repair,1
repartit,1
repeat,27
repeatedli,3
repetit,4
repl,6
replac,90
replay,1
replaysubject,1
repli,1
replic,13
replica,2
repo,29
report,32
reposit,1
repositor,1
repositori,71
repositroy,1
repr,2
repres,24
represent,6
reproduc,3
reput,1
req,2
request,266
requestbodi,2
requestcod,2
requestidtoken,1
requestparam,3
requestrejectedexcept,1
requir,111
requiredargsconstructor,1
requirenonnul,2
rerend,3
rerun,1
resampl,1
rescal,1
research,1
reselect,1
reserv,12
reset,56
reshap,2
reshape2,1
resharp,2
resid,1
residu,1
resiz,31
reskin,1
resnet,1
resolut,19
resolv,59
resolvedfiletopublish,1
resolveexcept,1
resourc,62
resourcerul,1
resp,1
respect,10
respond,9
respondstoselector,1
respons,122
responsebodi,2
responsejson,1
responsetext,1
rest,101
restart,45
restcontrol,3
restor,22
restrict,29
restricteddur,1
restructur,1
restsharp,1
resttempl,7
result,99
resum,9
resx,1
retain,15
rethinkdb,2
retina,1
retpolin,1
retri,15
retriev,43
retroact,1
retrofit,29
retrofit2,3
reus,14
reusabl,5
rev,1
reveal,4
revent,1
revers,30
revert,5
review,5
revis,5
revisit,1
revok,2
revset,1
rewrit,12
rewritecond,1
rewritten,1
rf,1
rfc,2
rfc2898derivebyt,1
rfft,1
rgb,8
rgba,4
rh,2
rhel,1
rhel7,1
rich,4
rid,14
ride,1
ridgeclassifi,1
right,87
rightshift,1
rimraf,1
ring,3
rington,1
ringtoneprefer,1
rip,3
rippl,11
rippledraw,1
rise,1
risk,5
rjava,1
rk,1
rl,1
rleid,1
rm,3
rmarkdown,11
rmd,3
rmdir,1
rmi,1
rmse,1
rnn,7
road,1
robert,1
robit,1
robocopi,1
robolectr,1
robomongo,1
robot,1
roboto,1
roc,3
rocket,1
role,32
rolesallow,1
roll,3
rollaxi,1
rollback,3
rom,1
roman,1
room,21
root,59
rootdir,1
rootscop,2
rootviewcontrol,1
ros2,1
rose,1
roslyn,5
rotat,38
rotate3d,1
rotatex,1
rotatey,1
rotatez,1
rotativa,1
round,43
rout,94
routeact,1
router,98
routerlink,4
routin,5
row,132
rowheight,1
rownam,1
rowsbetween,1
rowspan,1
roxygen2,1
rpath,2
rpc,2
rpm,1
rpmbuild,1
rptproj,1
rs256,1
rsa,2
rscript,1
rserv,1
rsi,1
rsp,1
rspec,6
rss,3
rstudio,9
rsync,1
rta,1
rtl,3
rto,1
rtp,1
rtsp,3
rtti,3
rubi,37
rubocop,1
rule,38
ruler,2
rundeck,1
rune,1
runnabl,8
runner,8
runproguard,1
runst,1
runtim,57
runtimeerror,2
rust,56
rustdoc,1
rustup,1
rvalu,12
rvest,1
rvm,2
rvo,2
rx,6
rxj,29
rxjava,18
rxjava2,1
rxkotlin,1
rxswift,4
ryzen,1
s+,1
s1,1
s3,53
s3a,1
s3n,1
s4,2
sa,3
safari,27
safe,87
safeareaview,2
safebrowsingrespons,1
safer,1
safest,1
safeti,4
saga,2
said,5
sail,4
saiyan,1
sale,1
salt,2
samesit,4
saml,3
samlp,1
sampl,16
samplebuff,1
san,1
sandbox,2
sane,1
sanit,2
saniti,3
sap,1
sapper,1
sapui5,1
sass,13
satisfi,6
sauci,1
save,136
saveast,2
saveastextfil,1
savechang,1
savedmodel,1
savemod,1
saver,1
savez,1
sawtooth,1
say,22
sb,3
sbcl,1
sbt,17
scaffold,8
scala,63
scalabl,1
scalaid,1
scalar,6
scalatest,2
scale,42
scan,14
scancod,1
scanf,5
scanner,7
scari,1
scatterplot,2
scenario,4
scene,11
scenebuild,1
scenedeleg,2
scenedidload,1
scenekit,4
schedul,41
scheduleatfixedr,1
schema,25
schemardd,1
scheme,10
school,1
scientif,4
scikit,24
scipi,8
scipt,1
scl,1
scm,1
scn,1
scnnode,2
scnskinner,1
scope,52
score,9
scp,3
scrap,1
scrape,13
scraper,1
scrapi,14
scratch,6
scream,1
screen,97
screencas,1
screenshot,15
scrim,1
script,159
scriptengin,1
scriptresourc,1
scroll,117
scrollabl,7
scrollbar,10
scrollcontrol,1
scroller,1
scrollheight,1
scrollposit,1
scrollrect,1
scrollstrategi,1
scrollto,4
scrolltoposit,1
scrollview,14
scrollviewread,1
scss,8
sd,4
sdcard,1
sdk,61
sdkman,1
sdl,3
sdl2,4
sdwebimag,2
se,3
seaborn,12
seal,2
seamless,1
search,75
searchbar,2
searchtext,1
searchview,6
seckeyref,1
second,29
secondari,4
secret,29
section,20
sector,3
secur,82
securestr,1
securetextentri,1
securityexcept,1
securitygroup,1
sed,6
seda,1
see,50
seed,20
seek,2
seekabl,1
seem,8
seemingli,1
seen,1
segfault,1
segment,19
segu,10
select,152
select2,9
selectableitembackground,1
selectiongroup,2
selector,25
selenium,61
self,42
selinux,1
sem,3
semant,7
semaphor,3
semi,5
semicolon,7
send,131
sender,2
sendfil,1
sendmessag,1
sendtous,1
sens,5
sensibl,1
sensit,10
sensor,2
sent,6
sentenc,7
sentinel,1
sentri,2
seo,1
sep,2
separ,73
seper,1
seq,1
seq2seq,2
sequel,11
sequenc,35
sequenti,16
ser,1
serf,1
seri,25
serial,34
serializ,4
serializednam,1
serialversionuid,1
serilog,2
seriou,2
serv,39
servant,1
servehttp,1
server,253
serverendpoint,1
serverless,1
serverselectiontimeouterror,1
serversid,1
servervalu,1
servic,176
serviceconnect,1
servicefilt,1
serviceloc,1
servicemodel,1
servicemonitor,1
servicework,1
servlet,6
session,57
session#merg,1
sessionid,2
sessionmanag,1
sessionscop,1
sessionstorag,1
set,616
setaccessibilitylabel,1
setalwaysrunsatforegroundprior,1
setattr,1
setcalleventhandl,1
setcharacteristicnotif,1
setcontentview,1
setcooki,1
setdefaultmaxperrout,1
setdisplayorient,1
setdt,1
setexcept,1
setf,1
setfocus,1
setfocusableintouchmod,1
sethasfixeds,1
sethead,1
setimagedraw,1
setimmedi,1
setinterv,4
setmast,1
setmaxtot,1
setneedsupdateconstraint,1
setnestedscrollingen,1
setonclicklisten,2
setprecis,1
setreadlisten,1
setresulttransform,1
setsmallicon,1
setstat,21
setsupportactionbar,1
settabl,1
setter,10
settext,1
settimeout,12
settingwithcopywarn,1
settyp,1
setup,55
setuptool,3
setuservisiblehint,1
sever,18
sf,2
sfenc,2
sfina,3
sfsafariviewcontrol,2
sh,9
sha,4
sha1,5
sha256,3
sha512,1
shade,2
shader,2
shadow,22
shake,1
shall,1
shallow,4
shape,36
shard,1
share,127
sharedappl,2
sharedprefer,5
sharepoint,1
sharer,1
sharereplay,2
sharp,5
shcreateitemfromparsingnam,1
shebang,2
sheet,28
shell,66
shell32,1
shellshock,1
shelv,1
shelveset,1
shift,12
shim,1
shini,23
shinyapp,1
shinydashboard,1
shinyfil,1
shinyproxi,1
ship,3
shopifi,1
short,23
shortcut,28
shorten,3
shorter,5
shortest,4
shorthand,2
shot,1
shouldchangecharactersinrang,1
shouldcomponentupd,1
shouldoverrideurlload,1
shouldstartloadwithrequest,1
shoutem,1
show,178
showabl,1
showannot,1
showcaseview,1
showdialog,1
showmodalbottomsheet,1
showmodaldialog,1
shown,6
shr,1
shrink,2
shrinkresourc,1
shuffl,15
shuffll,1
shut,4
shutdown,4
siames,1
sibl,11
sid,1
side,65
sidebar,11
sidekiq,4
sidemenu,1
sidenav,1
sierra,7
sig,1
sigchldwak,1
sigint,1
sign,75
signal,14
signalr,10
signatur,22
signed,1
signific,8
significantli,3
signin,1
signtool,1
signup,1
sigsegv,1
silenc,3
silent,4
silicon,1
silverstrip,1
sim,1
simctl,1
simd,6
similar,27
similarli,1
simpl,71
simpledateformat,1
simplest,10
simpli,8
simplif,1
simplifi,8
simul,48
simultan,7
sinc,12
singl,137
singlechildscrollview,2
singledispatch,1
singlelin,1
singletask,1
singleton,17
singular,2
sink,5
sip,1
sirupsen,2
site,41
sitecor,1
situat,4
sizeforitem,1
sizeof,22
skew,1
skimag,1
skinni,1
skip,27
skipgram,1
skipwait,1
sklearn,19
sknode,1
skpaymenttransactionstatedef,1
skproductsrequest,1
skspritenod,1
skstore,1
skstorereviewcontrol,1
sku,1
skylak,2
skype,1
slack,5
slash,4
slate,1
slave,3
sleep,12
slf4j,5
sli,1
slice,24
slick,6
slide,16
slider,4
slidingtablayout,1
slim,3
slot,9
slow,68
slowdown,1
slower,70
slowest,1
slowli,3
slug,1
sluggish,1
slurm,3
slurp,1
sm,6
smack,2
smacss,1
smali,1
small,17
smaller,12
smallest,7
smallicon,1
smart,13
smarter,1
smarterasp,1
smartest,1
smartphon,3
smb,1
smb2,1
smb3,1
smell,1
smi,1
smiley,2
smoke,1
smooth,14
smoothli,4
smoothscrolltoposit,1
smsmanag,1
smtp,4
smtpclient,1
sn,4
snack,1
snackbar,15
snake,1
snakemak,1
snap,5
snappi,1
snapshot,10
sni,2
snippet,10
snmp,1
snowfal,1
soap,7
social,6
sock,7
socket,36
socketasynceventarg,1
socketinputstream,1
socketio,1
socketread0,1
sockj,2
socks5,1
soft,10
softmax,6
softwar,4
sole,1
solid,3
solidwork,1
solr,7
solrj,1
solut,30
solv,76
solvabl,1
solvepnp,1
solver,2
someclass,1
somefilenam,1
somehow,3
someon,14
someth,21
sometim,15
sometyp,1
somewher,3
sonarqub,2
sonata,1
song,1
soon,1
sorceri,1
sort,84
sortabl,2
sortedlist,1
sound,9
soup,2
sourc,99
sourcefil,1
sourcemap,2
sourcetre,10
sp,4
sp1,1
spa,5
space,77
spacebar,2
spacemac,1
spacer,1
spaceship,2
spaci,6
spaghetti,1
spam,2
span,13
spanish,1
spark,155
sparkcontext,1
sparkl,1
sparklyr,1
sparksess,5
sparksql,3
sparql,2
spars,6
sparsetensor,1
sparta,1
spatial,2
spawn,2
spdi,1
speak,2
speaker,2
spec,10
special,22
specialis,1
specif,176
specifc,1
specifi,98
spectral,1
specul,2
speech,12
speechrecognit,1
speed,45
spell,1
spend,1
spent,1
sphere,2
spheric,1
sphinx,4
spi,5
spider,2
spike,1
spin,2
spinner,12
spiral,2
spirit,1
splash,3
splat,1
splice,2
spline,3
split,70
splittabl,2
splitview,1
spock,1
spoiler,1
spoof,2
sporad,1
spot,3
spotifi,1
spread,11
spreadel,1
spreadsheet,9
spreedsheet,1
spring,317
springapplicationconfigur,1
springboot,5
springboottest,1
springjunit4classrunn,1
springsecur,1
springwithdamp,1
sprint,1
sprite,7
spritekit,8
sprocket,1
spuriou,3
spyder,8
sq,5
sql,140
sqlachemi,1
sqlalchemi,8
sqlalchemy+pyodbc,1
sqlcipher,2
sqlclient,1
sqlconnect,1
sqlcontext,1
sqldepend,1
sqldevelop,1
sqlfiddl,1
sqlite,16
sqlite3,3
sqliteopenhelp,1
sqliteplugin,1
sqlnullvalueexcept,1
sqlserver,2
sqrt,4
squar,25
squash,4
squeez,1
squirrel,1
srand,1
src,12
srccompat,2
sref,1
srt,1
ss,1
sscanf,2
ssd,1
sse,5
sse4,1
ssh,42
sshed,1
sshpass,2
ssi,2
ssid,1
ssisdb,1
ssize,1
ssl,34
sslhandshakeexcept,1
sslpeerunverifiedexcept,1
sslv3,2
sso,2
ssr,2
st,4
sta,1
stabil,1
stabl,3
stack,66
stackdriv,2
stackexchang,1
stacklayout,1
stackless,1
stacknavig,2
stackoverflow,1
stackoverflowerror,3
stackoverflowexcept,2
stacktrac,3
stage,13
stagger,1
staggeredgridlayoutmanag,1
stale,1
stall,3
stamp,3
stampedlock,1
stan,1
stand,15
standalon,13
standard,86
standardscal,1
standarduserdefault,1
standbi,2
star,7
start,131
startact,1
startdestin,1
starter,1
startswith,4
startup,14
stash,11
stat,8
state,133
statechangestart,1
statefulwidget,2
stateless,16
statement,93
static,144
staticmethod,1
station,1
stationari,1
statist,3
statsmodel,4
statu,65
statusbar,1
statuscod,1
stay,4
std,219
stdc++,2
stdclass,1
stderr,6
stdin,7
stdio,1
stdlib,1
stdole,1
stdout,12
steadi,2
steal,2
steam,1
steer,1
stem,1
step,22
stick,2
stickey,1
sticki,8
still,42
stipul,1
stitch,1
stl,14
stm32,2
stock,3
stof,1
stoi,1
stolen,1
stomp,1
stop,83
stoppropag,1
stopwatch,1
storag,62
storagefil,1
storagefold,1
storagevolum,1
store,205
stori,2
storm,1
storyboard,20
str,18
straight,1
straighten,1
straightforward,1
strand,1
strang,5
strapi,1
strategi,7
stratifi,1
strcmp,3
strcpi,3
stream,170
stream#tolist,1
streambuild,1
streamifi,1
streetview,1
strength,4
strengthen,1
stretch,7
strftime,1
strict,19
strictli,5
stride,1
string,511
string&,1
stringbuild,6
stringbuilder#append,1
stringbyaddingpercentescapesusingencod,2
stringcontext,1
stringescapeutil,1
stringifi,2
stringjoin,1
stringvalu,1
stringvar,1
strip,6
stripe,7
stripprefix,1
strlen,3
strncmp,2
strobe,1
stroke,2
strokeend,1
strong,3
stronger,1
strongli,6
strongself,1
stroustrup,1
strpo,2
strptr,1
strtoint,1
strtok,3
struct,78
structur,49
struggl,1
stub,6
stuck,8
studio,413
studlycap,1
stuff,3
stutter,1
style,100
stylecop,1
styleguid,1
styleguidist,1
stylesheet,10
styleurl,2
styliz,1
su,2
sub,27
subarray,2
subcategori,1
subclass,18
subcod,1
subcompon,1
subdirectori,6
subdocu,2
subdomain,4
subexpress,1
subfold,5
subgraph,1
subinterv,1
subject,13
subjectpublickeyinfo,1
sublim,28
sublimetext,1
sublinear,1
sublist,1
submatch,1
submiss,5
submit,23
submodul,9
subnet,4
subobject,2
suboptim,1
subplot,4
subprocess,9
subqueri,5
subresourc,2
subroutin,1
subscrib,14
subscribemap,1
subscript,15
subsequ,6
subset,9
subsett,1
subshel,2
substitut,12
substr,10
subsystem,2
subtitl,2
subtract,9
subtre,4
subtyp,3
subvers,1
subview,4
succe,1
succeed,2
success,20
successor,1
succinct,2
succinctli,1
sucess,1
sudden,3
suddenli,1
sudo,8
sudoku,2
suffer,3
suffici,1
suffix,8
sugar,4
suggest,10
suit,6
suitabl,3
sum,37
summar,1
summari,8
summat,2
sun,2
super,23
superag,1
superclass,6
superior,1
superscalar,1
superscript,3
supersed,1
superset,3
supertest,2
superview,1
supervis,2
suport,1
suppli,7
supplier,1
support,186
supportmapfrag,1
suppos,8
supposedli,1
suppress,16
supress,1
sure,9
surfac,5
surrog,2
surround,1
suspend,5
suspens,1
sutter,1
svc,1
svd,1
svelt,1
svg,34
svm,3
svn,2
sw,2
swagger,23
swallow,1
swap,26
swarm,5
swashbuckl,3
sweet,2
sweetalert,1
swift,695
swiftc,1
swiftui,90
swiftyjson,2
swing,1
swipe,16
swiper,1
swiperefreshlayout,4
switch,69
switchmap,4
switchprefer,1
swizzl,1
swrevealviewcontrol,1
sy,5
sym,1
symbol,42
symfoni,10
symfony2,5
symfony4,1
symlink,1
symmetr,3
sympathet,1
sympi,3
sync,38
syncdb,1
synchron,38
synchronis,1
synolog,1
synopsi,1
syntact,4
syntast,1
syntax,70
syntaxerror,5
synthes,1
synthesi,2
syntheticev,1
syscal,1
system,103
systemd,7
systemj,3
systemstackerror,1
systemuivis,1
t&,1
t00,1
t04,1
t1,2
t2,4
t3,1
t4,1
ta,2
tab,76
tabbar,2
tabbaritem,1
tabitem,2
tabl,182
tablayout,13
tableau,1
tableheaderview,1
tablespac,1
tablet,3
tableview,12
tableviewcel,1
tableviewcontrol,1
tablewidget,1
tabpan,1
tabula,1
tabview,1
tacit,1
tackl,1
tag,77
tagnam,1
tail,13
tailwind,2
tailwindcss,1
taint,2
take,58
taken,4
talk,7
tampermonkey,3
tangent,1
tango,1
tanh,1
tap,17
tar,3
tarbal,1
target,45
targetframework,1
targetsdkvers,2
task,105
taskbar,1
taskcanceledexcept,1
taskcompletionsourc,1
taskcreationopt,1
tasker,1
taskkil,1
taskschedul,1
tasksnapshot,1
taskstackbuild,1
tbl,1
tbodi,2
tbyte,1
tcl,1
tcp,15
tcpclient,1
tcpdump,2
tcpip,1
td,2
tdd,2
teach,2
team,7
teamciti,1
teamfoundationserv,1
teapot,1
tear,3
teardown,1
teardrop,1
technic,8
techniqu,2
technolog,2
telegram,15
telemetri,1
telephon,1
tell,49
tellg,1
telnet,1
temp,4
templat,144
templateref,1
templateurl,1
tempor,4
temporari,12
temporarili,3
temptabl,2
tenanc,1
tenant,2
tensor,21
tensorboard,12
tensorflow,146
terabyt,1
term,18
termcolor,1
termin,83
terminolog,1
ternari,11
terraform,11
tessel,1
tesseract,2
tesseractnotfound,1
tesseractnotfounderror,1
test,319
testcas,1
tester,3
testflight,8
testinst,1
testserv,1
testthat,1
tether,1
textalign,1
textappear,1
textarea,5
textbox,4
textboxfor,1
textcolor,1
textcont,1
texteditor,1
textfield,36
textformfield,2
textinput,7
textinputlayout,2
textkit,1
textlabel,1
textual,2
textur,4
textview,22
tf,36
tf2,1
tfevent,1
tfidfvector,1
tflite,1
tfoot,1
tfrecord,3
tfstate,1
th,2
thead,2
theano,2
theme,33
thenappli,1
thenapplyasync,1
theorem,1
theoret,2
theori,1
therefor,1
thermal,1
therubyrac,1
thin,3
thing,18
think,3
third,8
thirti,1
this+1,1
thisarg,1
thorough,1
thoroughli,1
though,10
thought,1
thousand,2
thread,145
thread#sleep,1
threadid,1
threadloc,2
threadpool,2
threadpoolexecutor,1
threadripp,1
threadsaf,2
threadsanit,1
threat,1
three,19
threej,3
threshold,1
threw,1
thrift,2
throttl,7
throughput,6
throw,57
thrown,8
thrust,1
thumb,2
thumbnail,6
thunk,2
thymeleaf,8
tibco,1
tic,1
tick,10
ticket,1
tidesdk,1
tidi,3
tidyvers,1
tie,3
tif,1
tight,1
tightli,2
tild,3
tile,3
till,1
time,305
timecod,1
timeinterv,1
timeit,1
timelin,1
timeout,31
timeoutexcept,2
timepick,1
timepickerdialog,1
timer,12
timertask,1
timeseri,1
timestamp,28
timezon,20
tinder,1
tini,1
tint,2
tion,1
titl,45
tkinter,11
tl,14
tlb,1
tm,2
tmux,9
toarray,1
toast,7
tobe,1
today,11
todo,4
toequal,1
togeth,22
toggl,17
togglebutton,1
toinstant,1
toint,1
toj,1
tojson,1
token,96
toler,1
tolist,2
tolocalestr,1
tolow,2
tolowercas,2
tomap,2
tomcat,20
tomcat7,1
tome,1
tone,1
tongji,1
tonod,1
toobject,1
tool,74
toolbar,47
toolbox,2
toolchain,2
toolkit,2
toolsvers,1
tooltip,13
top,57
topic,18
topicmodel,1
topolog,1
topshelf,1
tor,3
torch,5
torn,1
tornado,1
torrent,1
tortois,1
tortoisegit,2
torvald,1
tostr,4
total,10
touch,23
touchablehighlight,1
touchablenativefeedback,1
touchableopac,1
touchscreen,1
touniversaltim,1
toupper,1
touppercas,1
tour,1
toward,2
tox,1
tpl,1
tpp,1
tqdm,4
tr,2
trace,9
track,35
tradit,1
traefik,1
traffic,5
trail,5
train,37
trainabl,5
trait,18
transact,19
transclud,1
transduc,2
transfer,12
transform,33
transient,1
transit,30
translat,19
translatesautoresizingmaskintoconstraint,1
translatex,1
translatey,3
translateybi,1
transluc,1
transmit,3
transpar,24
transpil,6
transport,6
transpos,6
trap,4
travel,1
travers,5
travi,7
tray,4
treat,9
tree,52
treeset,1
trello,1
tremor,1
trend,1
tresult,1
trgm,1
tri,51
trial,3
triangl,3
triangul,2
trick,3
trident,1
trigger,56
trim,6
trio,1
trip,3
tripl,5
trivial,9
triviallycopy,1
troubl,1
troubleshoot,3
true,76
truediv,1
truetyp,1
truetype0font,1
truli,4
truncat,10
truncatingremaind,1
trunk,1
trust,10
trustmanagerfactori,1
truststor,1
truth,2
truthi,1
ts2533,1
tsc,3
tsconfig,4
tslint,2
tsql,1
tsv,3
tsx,2
tt,2
ttf,1
tti,4
ttl,1
tui,1
tune,3
tupl,47
turbo,1
turbolink,1
ture,2
turn,40
tutori,11
tv,4
tvar,1
tvmlkit,1
tvo,3
twa,1
tweepi,3
tweet,2
twice,26
twig,5
twilio,1
twill,1
twine,1
twist,1
twitter,15
txt,13
type,503
typecast,1
typeclass,6
typedef,9
typeerror,4
typefac,3
typefilt,1
typenam,3
typenamehandl,1
typeof,5
typeorm,2
typer,1
typesaf,1
typescript,176
typevar,2
typic,1
typo3,1
u2d2d,1
u8,1
ua,1
uat,1
ub,4
uber,4
ubo,1
ubsan,1
ubuntu,63
ucanaccess,1
ucollectionview,1
ucrtbas,1
udaf,1
udf,1
udid,3
udp,7
ue,1
uefi,2
ugi,1
ugli,1
uglifi,1
ui,103
ui5,1
uiactionsheet,2
uiactivityviewcontrol,1
uialertcontrol,18
uialertview,1
uiapplic,3
uiapplicationmain,1
uibackgroundmod,1
uibarbutton,1
uibarbuttonitem,3
uibezierpath,4
uiblureffect,2
uibutton,12
uicollectionview,23
uicollectionviewcel,5
uicollectionviewflowlayout,1
uicollectionviewlayout,1
uicolor,1
uicolorfromrgb,1
uid,2
uidatepick,2
uiedgeinset,1
uiimag,18
uiimagejpegrepresent,1
uiimagepickercontrol,6
uiimageview,7
uikeyboardwillshownotif,1
uikit,3
uilabel,18
uilongpressgesturerecogn,1
uinavigationbar,4
uinavigationcontrol,5
uinavigationitem,1
uint,2
uint16,1
uint32,6
uint8,3
uintptr,1
uipagecontrol,2
uipageviewcontrol,2
uipdfpagerenderoper,1
uipickerview,4
uipopovercontrol,1
uiscreen,1
uiscrollview,5
uisearchbar,8
uisearchcontrol,1
uisegmentedcontrol,5
uislid,1
uisplitviewcontrol,1
uistackview,7
uiswitch,1
uitabbar,4
uitabbarcontrol,1
uitableview,20
uitableviewautomaticdimens,2
uitableviewcel,10
uitableviewcellstylesubtitl,1
uitableviewcontrol,3
uitableviewrowact,2
uitableviewsect,1
uitemporarylayoutwidth,1
uitextfield,18
uitextfielddeleg,1
uitextrang,1
uitextview,6
uitoolbar,1
uitre,1
uiview,26
uiviewalertforunsatisfiableconstraint,1
uiviewcontrol,8
uiviewcontrolleranimatedtransit,1
uiviewpropertyanim,1
uiviewrepresent,1
uivisualeffectview,2
uiwebview,6
ul,2
ulimit,2
umat,1
umd,1
uml,3
un,4
unabl,18
unalign,1
unappli,1
unari,5
unauthent,1
unauthor,2
unavail,2
unbind,2
unbound,1
unbox,3
unbrew,1
unbuff,1
unc,2
uncaught,3
uncertainti,1
uncessari,1
unchang,1
uncheck,4
uncom,2
uncommit,1
uncompress,2
unconnect,1
uncontrol,1
uncurri,1
undecidableinst,1
undeclar,4
undef,1
undefin,70
undelet,1
underflow,2
underli,5
underlin,12
underscor,15
understand,17
undetect,1
undirect,2
undo,8
undocu,1
undomanag,1
unequ,1
unescap,1
unevalu,2
uneven,1
unexpect,11
unexpectedli,1
unexport,1
unfocu,1
unfold,2
unfortun,1
unfreez,1
unhandl,6
unhandledpromiserejectionwarn,1
unhash,1
unhealthi,1
unhid,1
unicod,22
unicodedata,1
unicodedecodeerror,2
unicorn,1
unidirect,1
unifi,1
uniform,10
unimport,2
uniniti,5
uninitialis,1
uninstal,29
uninstanti,1
union,21
unional,1
uniqu,54
uniquekey,1
uniqueviol,2
unit,65
uniti,11
unittest,2
unity3d,6
univari,1
univers,15
unix,15
unixnano,1
unknown,18
unlik,1
unlimit,3
unlink,1
unlist,1
unlock,4
unmanag,2
unmarsh,1
unmarshal,1
unmerg,1
unmet,2
unmodifiablexxx,1
unmount,3
unnam,3
unnecessari,6
unneed,1
unnest,1
unobtrus,2
unord,12
unown,5
unpack,7
unpersist,1
unpicklingerror,1
unpredict,2
unpretti,1
unprocess,1
unpush,3
unqlit,1
unquot,1
unravel,1
unreach,5
unread,1
unreal,1
unrecogn,3
unrecover,1
unregist,2
unrel,5
unreli,1
unrepresent,1
unresolv,4
unrol,2
unsaf,11
unsafemutablerawpoint,1
unscop,1
unselect,2
unset,3
unsign,23
unslick,1
unsort,2
unspecifi,3
unsqueez,1
unstabl,1
unstag,2
unstyl,1
unsubscrib,4
unsupervis,2
unsupport,6
unsupportedoperationexcept,1
unsync,1
untitl,1
untrack,2
untyp,1
unus,20
unusernotificationcent,1
unusu,1
unwant,2
unwind,1
unwrap,8
unzip,9
uop,2
upcast,1
updat,192
upgrad,41
upload,93
upon,9
upper,4
upperbound,1
uppercas,7
upscal,1
upsert,5
upsid,1
upstream,7
upward,1
urandom,1
urban,1
uri,10
urisyntaxexcept,1
url,162
urldecod,1
urlencod,5
urlhostallowedcharacterset,1
urllib,1
urllib3,1
urlsess,1
us,30
usabl,1
usag,28
usagestatsmanag,1
usb,4
usdz,3
useauthent,1
usecallback,5
usecas,1
usecontext,1
usedrang,1
useeffect,11
useendpoint,1
usehistori,1
useinmemorydatabas,1
useless,5
usememo,3
usemongocli,1
usemultipl,1
useproguard,1
usercontrol,1
userdefault,4
usereduc,2
useref,2
userform,1
userid,2
usermanag,1
usern,1
usernam,23
userout,1
userscript,2
userspac,1
useselector,2
usespa,1
usespastaticfil,1
usest,11
usestaticfil,1
usingtesseract,1
usr,6
ussd,2
usual,2
utc,6
utc+0,1
utcnow,1
utf,20
utf8,3
utf8mb4,1
util,22
utm,1
uuid,12
uuidcreat,1
uuidv4,1
uva,1
uvicorn,1
uwp,10
uwsgi,1
v1,4
v10,2
v14,1
v2,15
v21,2
v29,1
v3,15
v4,29
v4+,1
v6,1
v7,8
v7a,1
v8,8
v9,1
va,1
vaadin,2
vagrant,21
vagrantfil,2
val,5
valgrind,2
valhalla,1
valid,122
valuechang,3
valueerror,3
valueexpress,1
valueof,4
valueprovid,1
valuetask,1
valuetupl,2
vampir,1
vanilla,2
vanish,1
var,36
varag,1
vararg,1
varchar,1
varchar2,1
variable1,4
variable2,3
variad,12
varianc,5
variant,12
variat,1
variationid,1
varint,1
variou,1
varnam,1
varpoint,1
vastli,2
vault,5
vb,5
vb6,3
vba,20
vboxheadless,1
vbscript,1
vc,3
vc++,2
vcard,1
vcf,1
vcl,1
vec,5
vector,73
vectordraw,4
vectorudt,1
vehicl,1
veloc,1
vendor,6
venv,2
verbos,5
verif,5
verifi,21
verifing,1
verilog,1
versa,8
version,273
versioncod,1
versionnam,1
versu,12
vert,1
vertex,2
vertic,30
veth,1
vetur,1
vh,5
vi,5
via,110
viabl,1
vibranc,1
vibrat,4
vibrationeffect,1
vice,8
video,88
videobridg,1
viewabl,1
viewbag,1
viewbind,2
viewbuild,1
viewchild,2
viewcontrol,9
viewdidappear,1
viewdidload,1
viewdraghelp,1
viewengin,1
viewer,3
viewforheaderinsect,1
viewhold,3
viewimport,1
viewmodel,18
viewmodelprovid,1
viewpag,10
viewport,12
viewpropertyanim,1
viewscop,1
viewset,3
viewstart,1
viewstub,1
vignett,1
vim,19
viminfo,1
vinyl,1
violat,11
viper,1
viridi,1
virt,1
virtual,48
virtualbox,5
virtualenv,24
virtualenvwrapp,1
virtualhost,1
visibl,28
vision,2
visit,4
visitmethodinvoc,1
visitor,2
visual,281
vital,1
vitali,1
vivo,2
vla,3
vlc,1
vm,17
vnext,3
vocabulari,1
voic,8
void,33
volatil,20
volley,12
volum,28
vomit,1
von,1
vpc,4
vpmovmskb,1
vpn,3
vr,1
vs2013,3
vs2015,1
vs2017,5
vsc,1
vscode,47
vsdiffmerg,1
vsfind,1
vshub,1
vsix,2
vsnprintf,1
vst,1
vstack,1
vsync,1
vtabl,1
vue,88
vue2,1
vuej,23
vuetifi,4
vuex,10
vuforia,1
vulner,9
vw,6
vysor,1
vzeroupp,1
w64,1
waf,1
wait,51
waital,3
waitgroup,1
waitkey,1
wake,1
wakelock,1
wakeup,1
wal,1
walk,2
wallpap,3
wamp,3
wampserv,1
want,12
war,4
warm,4
warmup,1
warn,71
warp,1
wasm,1
wast,2
watch,28
watchconnect,1
watcher,2
watchkit,4
watchman,2
water,2
watermark,2
watson,1
wav,3
wave,1
waveform,1
wayland,2
wcag,1
wcf,6
wchar,1
wd,1
weak,11
weakli,1
weakmap,1
weakself,1
weakset,1
wear,1
wearabl,1
weather,2
weav,1
web,194
webapi,11
webapp,9
webassembl,4
webaudioapi,1
webcam,4
webclient,4
webdriv,21
webdriverexcept,2
webdriverio,1
webel,1
webengin,1
webflux,3
webfont,3
webgl,4
webhook,1
webintegr,1
webjob,5
webkit,7
weblog,1
webm,1
webmanifest,1
webmessageport,1
webmvc,1
webmvcautoconfigur,1
webmvcconfigurationsupport,1
webp,1
webpack,75
webpag,11
webrequest,6
webrtc,5
webserv,1
webservic,2
webservicetempl,1
websit,62
websocket,33
webstorm,7
webview,23
wechat,3
wednesday,1
week,12
weekend,2
weight,17
weird,2
welcom,1
weld,1
well,22
werkzeug,1
wget,3
what,16
whatev,2
whatsapi,1
whatsapp,21
wheather,1
wheel,9
wheezi,1
whenal,1
wheneach,1
whenev,2
where,1
whether,30
white,8
whitespac,14
whither,1
whl,2
who,1
whoi,1
whole,27
whoop,1
whose,10
wi,3
wide,6
wider,2
widget,49
width,75
wifi,6
wiki,3
wikidata,1
wikipedia,2
wild,1
wildcard,10
wildfli,5
willset,1
wimplicit,1
win,4
win10,1
win32,2
windbg,1
window,363
windows10,1
windows7,1
windows8,1
windowsident,1
windowstyl,1
windroy,1
winform,4
winner,1
winrt,1
winston,4
winusb,1
wipe,1
wire,1
wireless,1
wise,10
wit,2
withdefault,1
withdefaultpasswordencod,1
withdur,1
within,99
withrout,1
wkhtmltopdf,2
wkwebview,21
wl,1
wobbl,1
woff,1
woocommerc,11
word,56
word2vec,7
word64,1
wordnet,1
wordpress,19
workaround,14
workbench,5
workbook,2
workdir,2
worker,30
workflow,9
workmanag,4
worksheet,4
workspac,11
worktre,1
world,11
worldwid,1
worri,3
wors,3
worsen,1
worst,2
worth,3
worthless,1
would,73
wound,1
wp,2
wp8,1
wpf,17
wpsabi,1
wrap,44
wrapbootstrap,1
wrapper,12
writabl,2
writeabl,1
writehead,1
writelin,1
writeln,1
writer,2
writetofil,1
written,17
wrong,37
wrongli,1
wsdl,2
wsgi,3
wsgipythonpath,1
wsl,11
wsl2,2
wstring,1
wstunnel,1
wtform,1
wunderground,1
www,6
wwwroot,1
wxpython,2
wxwidget,1
wysiwyg,1
x0392a9d0,1
x509certif,1
x9d,1
xa0,1
xagent,1
xallowambiguoustyp,1
xamarin,34
xaml,5
xamlparseexcept,1
xampp,9
xap,1
xarg,2
xbin,1
xcasset,2
xcconfig,1
xchg,1
xcode,171
xcode11,1
xcode5,1
xcode6,2
xcode7,1
xcode8,1
xcodebuild,4
xcrun,1
xcscmblueprint,1
xctest,6
xcuiapplic,1
xcuielement,1
xdebug,1
xdocument,1
xe4,1
xe7,1
xeon,2
xex,1
xff,2
xfor,1
xform,1
xgboost,8
xhr,4
xib,5
xiomi,1
xip,2
xkcd,1
xl,2
xlim,1
xlsb,2
xlsx,5
xlwing,1
xm,1
xml,59
xmlhttprequest,3
xmln,1
xmlservic,1
xmm,1
xms1024m,1
xmx,1
xmx2048m,1
xor,2
xpath,5
xpc,2
xproj,1
xsd,2
xss,3
xtabl,1
xunit,4
yahoo,7
yaml,17
yamlpropertiesfactorybean,1
yarn,34
ybi,1
ycbcr,1
ye,4
year,20
yellow,4
yeoman,3
yesterday,1
yet,5
yield,21
yii,6
yii2,17
ylim,1
yml,14
yocto,2
yolo,1
yoneda,1
yosemit,8
youcompletem,1
youku,1
young,1
youtub,30
ytowont9,1
yubikey,1
yum,1
yup,1
yyy,1
yyyi,7
yyyymmddhhmmss,1
zero,37
zeromq,1
zf,1
zip,20
zipcod,2
zipexcept,1
zipper,1
zippili,1
zizaco,1
zlib1,1
zone,14
zoneddatetim,2
zoneid,1
zoneoffset,2
zoo,1
zookeep,2
zoom,17
zoom+pan,1
zsh,8
zst,1
zulu,2
zurb,1
zxing,5
zxvf,2
